sample_id,timestep,throughput_mbps,channel_occupancy_percent,latency_ms,jitter_ms,tx_retries_delta,tx_failed_delta,rssi_dbm,rssi_delta_db,rssi_moving_avg_dbm,label,scenario
0,0,4.131616784280025e-05,0.10077167498865178,0.11740166865315853,0.2558139534883721,0.0,0.0,0.8148148148148148,0.5555555555555556,0.8080459770114942,0,normal_idle
0,1,0.00018179113850832107,0.05038583749432589,0.2932061978545888,0.960644007155635,7.724953046769763e-05,7.620099918560182e-05,0.8518518518518519,0.5833333333333334,0.8275862068965518,0,normal_idle
0,2,0.004102695466790064,0.4539264639128461,0.13557806912991657,0.4007155635062612,0.002510609740200173,0.002762286220478066,0.5185185185185185,0.3055555555555556,0.7356321839080464,0,normal_idle
0,3,0.00340032061346246,0.05038583749432589,0.09415971394517282,0.20930232558139536,0.0,0.0,0.2222222222222222,0.3333333333333333,0.5632183908045981,0,normal_idle
0,4,0.017827926424168306,0.0,0.11382598331346841,0.41144901610017887,0.08655809888905519,0.08638335770177787,0.5555555555555556,0.8055555555555556,0.48275862068965536,0,normal_idle
0,5,0.00011568526995984068,0.10077167498865178,0.014302741358760428,0.044722719141323794,0.0,0.0,0.5185185185185185,0.5277777777777778,0.39080459770114995,0,normal_idle
0,6,9.915880282272058e-05,0.10077167498865178,0.1033969010727056,0.07513416815742398,5.793714785077322e-05,5.715074938920137e-05,0.6666666666666666,0.6666666666666666,0.33333333333333387,0,normal_idle
0,7,1.2394850352840072e-05,0.05038583749432589,0.06227651966626937,0.09481216457960644,0.0,0.0,0.6666666666666666,0.5555555555555556,0.3793103448275866,0,normal_idle
0,8,1.2394850352840072e-05,0.10077167498865178,0.07061978545887962,0.1556350626118068,0.0,0.0,0.6666666666666666,0.5555555555555556,0.5172413793103446,0,normal_idle
0,9,2.0658083921400124e-05,0.10077167498865178,0.07151370679380215,0.148479427549195,0.0,0.0,0.6666666666666666,0.5555555555555556,0.5517241379310348,0,normal_idle
1,0,0.00018179113850832107,0.05038583749432589,0.2932061978545888,0.960644007155635,7.724953046769763e-05,7.620099918560182e-05,0.8518518518518519,0.5833333333333334,0.8275862068965518,1,normal_idle
1,1,0.004102695466790064,0.4539264639128461,0.13557806912991657,0.4007155635062612,0.002510609740200173,0.002762286220478066,0.5185185185185185,0.3055555555555556,0.7356321839080464,1,normal_idle
1,2,0.00340032061346246,0.05038583749432589,0.09415971394517282,0.20930232558139536,0.0,0.0,0.2222222222222222,0.3333333333333333,0.5632183908045981,1,normal_idle
1,3,0.017827926424168306,0.0,0.11382598331346841,0.41144901610017887,0.08655809888905519,0.08638335770177787,0.5555555555555556,0.8055555555555556,0.48275862068965536,1,normal_idle
1,4,0.00011568526995984068,0.10077167498865178,0.014302741358760428,0.044722719141323794,0.0,0.0,0.5185185185185185,0.5277777777777778,0.39080459770114995,1,normal_idle
1,5,9.915880282272058e-05,0.10077167498865178,0.1033969010727056,0.07513416815742398,5.793714785077322e-05,5.715074938920137e-05,0.6666666666666666,0.6666666666666666,0.33333333333333387,1,normal_idle
1,6,1.2394850352840072e-05,0.05038583749432589,0.06227651966626937,0.09481216457960644,0.0,0.0,0.6666666666666666,0.5555555555555556,0.3793103448275866,1,normal_idle
1,7,1.2394850352840072e-05,0.10077167498865178,0.07061978545887962,0.1556350626118068,0.0,0.0,0.6666666666666666,0.5555555555555556,0.5172413793103446,1,normal_idle
1,8,2.0658083921400124e-05,0.10077167498865178,0.07151370679380215,0.148479427549195,0.0,0.0,0.6666666666666666,0.5555555555555556,0.5517241379310348,1,normal_idle
1,9,4.957940141136029e-05,0.10077167498865178,0.02234803337306317,0.04830053667262969,0.00019312382616924406,0.00019050249796400456,0.6296296296296297,0.5277777777777778,0.5862068965517241,1,normal_idle
2,0,0.004102695466790064,0.4539264639128461,0.13557806912991657,0.4007155635062612,0.002510609740200173,0.002762286220478066,0.5185185185185185,0.3055555555555556,0.7356321839080464,1,normal_idle
2,1,0.00340032061346246,0.05038583749432589,0.09415971394517282,0.20930232558139536,0.0,0.0,0.2222222222222222,0.3333333333333333,0.5632183908045981,1,normal_idle
2,2,0.017827926424168306,0.0,0.11382598331346841,0.41144901610017887,0.08655809888905519,0.08638335770177787,0.5555555555555556,0.8055555555555556,0.48275862068965536,1,normal_idle
2,3,0.00011568526995984068,0.10077167498865178,0.014302741358760428,0.044722719141323794,0.0,0.0,0.5185185185185185,0.5277777777777778,0.39080459770114995,1,normal_idle
2,4,9.915880282272058e-05,0.10077167498865178,0.1033969010727056,0.07513416815742398,5.793714785077322e-05,5.715074938920137e-05,0.6666666666666666,0.6666666666666666,0.33333333333333387,1,normal_idle
2,5,1.2394850352840072e-05,0.05038583749432589,0.06227651966626937,0.09481216457960644,0.0,0.0,0.6666666666666666,0.5555555555555556,0.3793103448275866,1,normal_idle
2,6,1.2394850352840072e-05,0.10077167498865178,0.07061978545887962,0.1556350626118068,0.0,0.0,0.6666666666666666,0.5555555555555556,0.5172413793103446,1,normal_idle
2,7,2.0658083921400124e-05,0.10077167498865178,0.07151370679380215,0.148479427549195,0.0,0.0,0.6666666666666666,0.5555555555555556,0.5517241379310348,1,normal_idle
2,8,4.957940141136029e-05,0.10077167498865178,0.02234803337306317,0.04830053667262969,0.00019312382616924406,0.00019050249796400456,0.6296296296296297,0.5277777777777778,0.5862068965517241,1,normal_idle
2,9,0.00017352790493976102,0.10077167498865178,0.07419547079856972,0.2146690518783542,0.00022209240009463067,0.00021907787265860524,0.6666666666666666,0.5833333333333334,0.5862068965517241,1,normal_idle
3,0,0.00340032061346246,0.05038583749432589,0.09415971394517282,0.20930232558139536,0.0,0.0,0.2222222222222222,0.3333333333333333,0.5632183908045981,1,normal_idle
3,1,0.017827926424168306,0.0,0.11382598331346841,0.41144901610017887,0.08655809888905519,0.08638335770177787,0.5555555555555556,0.8055555555555556,0.48275862068965536,1,normal_idle
3,2,0.00011568526995984068,0.10077167498865178,0.014302741358760428,0.044722719141323794,0.0,0.0,0.5185185185185185,0.5277777777777778,0.39080459770114995,1,normal_idle
3,3,9.915880282272058e-05,0.10077167498865178,0.1033969010727056,0.07513416815742398,5.793714785077322e-05,5.715074938920137e-05,0.6666666666666666,0.6666666666666666,0.33333333333333387,1,normal_idle
3,4,1.2394850352840072e-05,0.05038583749432589,0.06227651966626937,0.09481216457960644,0.0,0.0,0.6666666666666666,0.5555555555555556,0.3793103448275866,1,normal_idle
3,5,1.2394850352840072e-05,0.10077167498865178,0.07061978545887962,0.1556350626118068,0.0,0.0,0.6666666666666666,0.5555555555555556,0.5172413793103446,1,normal_idle
3,6,2.0658083921400124e-05,0.10077167498865178,0.07151370679380215,0.148479427549195,0.0,0.0,0.6666666666666666,0.5555555555555556,0.5517241379310348,1,normal_idle
3,7,4.957940141136029e-05,0.10077167498865178,0.02234803337306317,0.04830053667262969,0.00019312382616924406,0.00019050249796400456,0.6296296296296297,0.5277777777777778,0.5862068965517241,1,normal_idle
3,8,0.00017352790493976102,0.10077167498865178,0.07419547079856972,0.2146690518783542,0.00022209240009463067,0.00021907787265860524,0.6666666666666666,0.5833333333333334,0.5862068965517241,1,normal_idle
3,9,0.002921053066485977,0.05038583749432589,0.0032777115613825984,0.01073345259391771,0.00284857643599635,0.002809911844969067,0.8148148148148148,0.6666666666666666,0.6321839080459768,1,normal_idle
4,0,0.017827926424168306,0.0,0.11382598331346841,0.41144901610017887,0.08655809888905519,0.08638335770177787,0.5555555555555556,0.8055555555555556,0.48275862068965536,0,normal_idle
4,1,0.00011568526995984068,0.10077167498865178,0.014302741358760428,0.044722719141323794,0.0,0.0,0.5185185185185185,0.5277777777777778,0.39080459770114995,0,normal_idle
4,2,9.915880282272058e-05,0.10077167498865178,0.1033969010727056,0.07513416815742398,5.793714785077322e-05,5.715074938920137e-05,0.6666666666666666,0.6666666666666666,0.33333333333333387,0,normal_idle
4,3,1.2394850352840072e-05,0.05038583749432589,0.06227651966626937,0.09481216457960644,0.0,0.0,0.6666666666666666,0.5555555555555556,0.3793103448275866,0,normal_idle
4,4,1.2394850352840072e-05,0.10077167498865178,0.07061978545887962,0.1556350626118068,0.0,0.0,0.6666666666666666,0.5555555555555556,0.5172413793103446,0,normal_idle
4,5,2.0658083921400124e-05,0.10077167498865178,0.07151370679380215,0.148479427549195,0.0,0.0,0.6666666666666666,0.5555555555555556,0.5517241379310348,0,normal_idle
4,6,4.957940141136029e-05,0.10077167498865178,0.02234803337306317,0.04830053667262969,0.00019312382616924406,0.00019050249796400456,0.6296296296296297,0.5277777777777778,0.5862068965517241,0,normal_idle
4,7,0.00017352790493976102,0.10077167498865178,0.07419547079856972,0.2146690518783542,0.00022209240009463067,0.00021907787265860524,0.6666666666666666,0.5833333333333334,0.5862068965517241,0,normal_idle
4,8,0.002921053066485977,0.05038583749432589,0.0032777115613825984,0.01073345259391771,0.00284857643599635,0.002809911844969067,0.8148148148148148,0.6666666666666666,0.6321839080459768,0,normal_idle
4,9,0.0,0.05038583749432589,0.05959475566150179,0.1735241502683363,0.0,0.0,0.4444444444444444,0.2777777777777778,0.5632183908045981,0,normal_idle
5,0,0.00011568526995984068,0.10077167498865178,0.014302741358760428,0.044722719141323794,0.0,0.0,0.5185185185185185,0.5277777777777778,0.39080459770114995,2,normal_idle
5,1,9.915880282272058e-05,0.10077167498865178,0.1033969010727056,0.07513416815742398,5.793714785077322e-05,5.715074938920137e-05,0.6666666666666666,0.6666666666666666,0.33333333333333387,2,normal_idle
5,2,1.2394850352840072e-05,0.05038583749432589,0.06227651966626937,0.09481216457960644,0.0,0.0,0.6666666666666666,0.5555555555555556,0.3793103448275866,2,normal_idle
5,3,1.2394850352840072e-05,0.10077167498865178,0.07061978545887962,0.1556350626118068,0.0,0.0,0.6666666666666666,0.5555555555555556,0.5172413793103446,2,normal_idle
5,4,2.0658083921400124e-05,0.10077167498865178,0.07151370679380215,0.148479427549195,0.0,0.0,0.6666666666666666,0.5555555555555556,0.5517241379310348,2,normal_idle
5,5,4.957940141136029e-05,0.10077167498865178,0.02234803337306317,0.04830053667262969,0.00019312382616924406,0.00019050249796400456,0.6296296296296297,0.5277777777777778,0.5862068965517241,2,normal_idle
5,6,0.00017352790493976102,0.10077167498865178,0.07419547079856972,0.2146690518783542,0.00022209240009463067,0.00021907787265860524,0.6666666666666666,0.5833333333333334,0.5862068965517241,2,normal_idle
5,7,0.002921053066485977,0.05038583749432589,0.0032777115613825984,0.01073345259391771,0.00284857643599635,0.002809911844969067,0.8148148148148148,0.6666666666666666,0.6321839080459768,2,normal_idle
5,8,0.0,0.05038583749432589,0.05959475566150179,0.1735241502683363,0.0,0.0,0.4444444444444444,0.2777777777777778,0.5632183908045981,2,normal_idle
5,9,0.03474276553901073,0.10077167498865178,0.08522050059594756,0.18246869409660108,0.09649914784111703,0.096189473784475,0.8888888888888888,0.8888888888888888,0.6321839080459768,2,normal_idle
6,0,9.915880282272058e-05,0.10077167498865178,0.1033969010727056,0.07513416815742398,5.793714785077322e-05,5.715074938920137e-05,0.6666666666666666,0.6666666666666666,0.33333333333333387,0,normal_idle
6,1,1.2394850352840072e-05,0.05038583749432589,0.06227651966626937,0.09481216457960644,0.0,0.0,0.6666666666666666,0.5555555555555556,0.3793103448275866,0,normal_idle
6,2,1.2394850352840072e-05,0.10077167498865178,0.07061978545887962,0.1556350626118068,0.0,0.0,0.6666666666666666,0.5555555555555556,0.5172413793103446,0,normal_idle
6,3,2.0658083921400124e-05,0.10077167498865178,0.07151370679380215,0.148479427549195,0.0,0.0,0.6666666666666666,0.5555555555555556,0.5517241379310348,0,normal_idle
6,4,4.957940141136029e-05,0.10077167498865178,0.02234803337306317,0.04830053667262969,0.00019312382616924406,0.00019050249796400456,0.6296296296296297,0.5277777777777778,0.5862068965517241,0,normal_idle
6,5,0.00017352790493976102,0.10077167498865178,0.07419547079856972,0.2146690518783542,0.00022209240009463067,0.00021907787265860524,0.6666666666666666,0.5833333333333334,0.5862068965517241,0,normal_idle
6,6,0.002921053066485977,0.05038583749432589,0.0032777115613825984,0.01073345259391771,0.00284857643599635,0.002809911844969067,0.8148148148148148,0.6666666666666666,0.6321839080459768,0,normal_idle
6,7,0.0,0.05038583749432589,0.05959475566150179,0.1735241502683363,0.0,0.0,0.4444444444444444,0.2777777777777778,0.5632183908045981,0,normal_idle
6,8,0.03474276553901073,0.10077167498865178,0.08522050059594756,0.18246869409660108,0.09649914784111703,0.096189473784475,0.8888888888888888,0.8888888888888888,0.6321839080459768,0,normal_idle
6,9,3.7184551058520214e-05,0.10077167498865178,0.06466030989272945,0.12343470483005367,0.0,0.0,0.9259259259259259,0.5833333333333334,0.724137931034483,0,normal_idle
7,0,1.2394850352840072e-05,0.05038583749432589,0.06227651966626937,0.09481216457960644,0.0,0.0,0.6666666666666666,0.5555555555555556,0.3793103448275866,1,normal_idle
7,1,1.2394850352840072e-05,0.10077167498865178,0.07061978545887962,0.1556350626118068,0.0,0.0,0.6666666666666666,0.5555555555555556,0.5172413793103446,1,normal_idle
7,2,2.0658083921400124e-05,0.10077167498865178,0.07151370679380215,0.148479427549195,0.0,0.0,0.6666666666666666,0.5555555555555556,0.5517241379310348,1,normal_idle
7,3,4.957940141136029e-05,0.10077167498865178,0.02234803337306317,0.04830053667262969,0.00019312382616924406,0.00019050249796400456,0.6296296296296297,0.5277777777777778,0.5862068965517241,1,normal_idle
7,4,0.00017352790493976102,0.10077167498865178,0.07419547079856972,0.2146690518783542,0.00022209240009463067,0.00021907787265860524,0.6666666666666666,0.5833333333333334,0.5862068965517241,1,normal_idle
7,5,0.002921053066485977,0.05038583749432589,0.0032777115613825984,0.01073345259391771,0.00284857643599635,0.002809911844969067,0.8148148148148148,0.6666666666666666,0.6321839080459768,1,normal_idle
7,6,0.0,0.05038583749432589,0.05959475566150179,0.1735241502683363,0.0,0.0,0.4444444444444444,0.2777777777777778,0.5632183908045981,1,normal_idle
7,7,0.03474276553901073,0.10077167498865178,0.08522050059594756,0.18246869409660108,0.09649914784111703,0.096189473784475,0.8888888888888888,0.8888888888888888,0.6321839080459768,1,normal_idle
7,8,3.7184551058520214e-05,0.10077167498865178,0.06466030989272945,0.12343470483005367,0.0,0.0,0.9259259259259259,0.5833333333333334,0.724137931034483,1,normal_idle
7,9,0.0003140028756052818,0.10077167498865178,0.10160905840286055,0.16994633273703041,0.0003283105044877149,0.00032385424653880775,0.9259259259259259,0.5555555555555556,0.804597701149425,1,normal_idle
8,0,1.2394850352840072e-05,0.10077167498865178,0.07061978545887962,0.1556350626118068,0.0,0.0,0.6666666666666666,0.5555555555555556,0.5172413793103446,1,normal_idle
8,1,2.0658083921400124e-05,0.10077167498865178,0.07151370679380215,0.148479427549195,0.0,0.0,0.6666666666666666,0.5555555555555556,0.5517241379310348,1,normal_idle
8,2,4.957940141136029e-05,0.10077167498865178,0.02234803337306317,0.04830053667262969,0.00019312382616924406,0.00019050249796400456,0.6296296296296297,0.5277777777777778,0.5862068965517241,1,normal_idle
8,3,0.00017352790493976102,0.10077167498865178,0.07419547079856972,0.2146690518783542,0.00022209240009463067,0.00021907787265860524,0.6666666666666666,0.5833333333333334,0.5862068965517241,1,normal_idle
8,4,0.002921053066485977,0.05038583749432589,0.0032777115613825984,0.01073345259391771,0.00284857643599635,0.002809911844969067,0.8148148148148148,0.6666666666666666,0.6321839080459768,1,normal_idle
8,5,0.0,0.05038583749432589,0.05959475566150179,0.1735241502683363,0.0,0.0,0.4444444444444444,0.2777777777777778,0.5632183908045981,1,normal_idle
8,6,0.03474276553901073,0.10077167498865178,0.08522050059594756,0.18246869409660108,0.09649914784111703,0.096189473784475,0.8888888888888888,0.8888888888888888,0.6321839080459768,1,normal_idle
8,7,3.7184551058520214e-05,0.10077167498865178,0.06466030989272945,0.12343470483005367,0.0,0.0,0.9259259259259259,0.5833333333333334,0.724137931034483,1,normal_idle
8,8,0.0003140028756052818,0.10077167498865178,0.10160905840286055,0.16994633273703041,0.0003283105044877149,0.00032385424653880775,0.9259259259259259,0.5555555555555556,0.804597701149425,1,normal_idle
8,9,0.0002396337734882414,0.05038583749432589,0.23122765196662692,1.0,0.0006276524350500432,0.0006191331183830148,0.9629629629629629,0.5833333333333334,0.8505747126436786,1,normal_idle
9,0,0.00017352790493976102,0.10077167498865178,0.07419547079856972,0.2146690518783542,0.00022209240009463067,0.00021907787265860524,0.6666666666666666,0.5833333333333334,0.5862068965517241,0,normal_idle
9,1,0.002921053066485977,0.05038583749432589,0.0032777115613825984,0.01073345259391771,0.00284857643599635,0.002809911844969067,0.8148148148148148,0.6666666666666666,0.6321839080459768,0,normal_idle
9,2,0.0,0.05038583749432589,0.05959475566150179,0.1735241502683363,0.0,0.0,0.4444444444444444,0.2777777777777778,0.5632183908045981,0,normal_idle
9,3,0.03474276553901073,0.10077167498865178,0.08522050059594756,0.18246869409660108,0.09649914784111703,0.096189473784475,0.8888888888888888,0.8888888888888888,0.6321839080459768,0,normal_idle
9,4,3.7184551058520214e-05,0.10077167498865178,0.06466030989272945,0.12343470483005367,0.0,0.0,0.9259259259259259,0.5833333333333334,0.724137931034483,0,normal_idle
9,5,0.0003140028756052818,0.10077167498865178,0.10160905840286055,0.16994633273703041,0.0003283105044877149,0.00032385424653880775,0.9259259259259259,0.5555555555555556,0.804597701149425,0,normal_idle
9,6,0.0002396337734882414,0.05038583749432589,0.23122765196662692,1.0,0.0006276524350500432,0.0006191331183830148,0.9629629629629629,0.5833333333333334,0.8505747126436786,0,normal_idle
9,7,0.003978746963261664,0.655621122711454,0.16120381406436235,0.47048300536672627,0.006971770124709711,0.0068771401765005645,0.8518518518518519,0.4722222222222222,0.9770114942528733,0,normal_idle
9,8,0.003995273430398783,0.21727946739294898,0.06793802145411204,0.18246869409660108,0.0032058555144094513,0.0031623414662024754,0.9629629629629629,0.6388888888888888,1.0,0,normal_idle
9,9,0.0,0.05038583749432589,0.0533373063170441,0.16994633273703041,0.0,0.0,0.5185185185185185,0.2222222222222222,0.8735632183908045,0,normal_idle
10,0,0.0,0.05038583749432589,0.05959475566150179,0.1735241502683363,0.0,0.0,0.4444444444444444,0.2777777777777778,0.5632183908045981,1,normal_idle
10,1,0.03474276553901073,0.10077167498865178,0.08522050059594756,0.18246869409660108,0.09649914784111703,0.096189473784475,0.8888888888888888,0.8888888888888888,0.6321839080459768,1,normal_idle
10,2,3.7184551058520214e-05,0.10077167498865178,0.06466030989272945,0.12343470483005367,0.0,0.0,0.9259259259259259,0.5833333333333334,0.724137931034483,1,normal_idle
10,3,0.0003140028756052818,0.10077167498865178,0.10160905840286055,0.16994633273703041,0.0003283105044877149,0.00032385424653880775,0.9259259259259259,0.5555555555555556,0.804597701149425,1,normal_idle
10,4,0.0002396337734882414,0.05038583749432589,0.23122765196662692,1.0,0.0006276524350500432,0.0006191331183830148,0.9629629629629629,0.5833333333333334,0.8505747126436786,1,normal_idle
10,5,0.003978746963261664,0.655621122711454,0.16120381406436235,0.47048300536672627,0.006971770124709711,0.0068771401765005645,0.8518518518518519,0.4722222222222222,0.9770114942528733,1,normal_idle
10,6,0.003995273430398783,0.21727946739294898,0.06793802145411204,0.18246869409660108,0.0032058555144094513,0.0031623414662024754,0.9629629629629629,0.6388888888888888,1.0,1,normal_idle
10,7,0.0,0.05038583749432589,0.0533373063170441,0.16994633273703041,0.0,0.0,0.5185185185185185,0.2222222222222222,0.8735632183908045,1,normal_idle
10,8,0.037023418003933294,0.10077167498865178,0.09773539928486293,0.18425760286225404,0.1016024449476393,0.10122350229317383,0.7777777777777778,0.75,0.8275862068965518,1,normal_idle
10,9,0.003995273430398783,0.10077167498865178,0.06912991656734208,0.19856887298747763,0.003138262175250216,0.003095665591915074,0.8148148148148148,0.5833333333333334,0.7816091954022991,1,normal_idle
11,0,0.03474276553901073,0.10077167498865178,0.08522050059594756,0.18246869409660108,0.09649914784111703,0.096189473784475,0.8888888888888888,0.8888888888888888,0.6321839080459768,1,normal_idle
11,1,3.7184551058520214e-05,0.10077167498865178,0.06466030989272945,0.12343470483005367,0.0,0.0,0.9259259259259259,0.5833333333333334,0.724137931034483,1,normal_idle
11,2,0.0003140028756052818,0.10077167498865178,0.10160905840286055,0.16994633273703041,0.0003283105044877149,0.00032385424653880775,0.9259259259259259,0.5555555555555556,0.804597701149425,1,normal_idle
11,3,0.0002396337734882414,0.05038583749432589,0.23122765196662692,1.0,0.0006276524350500432,0.0006191331183830148,0.9629629629629629,0.5833333333333334,0.8505747126436786,1,normal_idle
11,4,0.003978746963261664,0.655621122711454,0.16120381406436235,0.47048300536672627,0.006971770124709711,0.0068771401765005645,0.8518518518518519,0.4722222222222222,0.9770114942528733,1,normal_idle
11,5,0.003995273430398783,0.21727946739294898,0.06793802145411204,0.18246869409660108,0.0032058555144094513,0.0031623414662024754,0.9629629629629629,0.6388888888888888,1.0,1,normal_idle
11,6,0.0,0.05038583749432589,0.0533373063170441,0.16994633273703041,0.0,0.0,0.5185185185185185,0.2222222222222222,0.8735632183908045,1,normal_idle
11,7,0.037023418003933294,0.10077167498865178,0.09773539928486293,0.18425760286225404,0.1016024449476393,0.10122350229317383,0.7777777777777778,0.75,0.8275862068965518,1,normal_idle
11,8,0.003995273430398783,0.10077167498865178,0.06912991656734208,0.19856887298747763,0.003138262175250216,0.003095665591915074,0.8148148148148148,0.5833333333333334,0.7816091954022991,1,normal_idle
11,9,0.0010576938967756862,0.15130882130428203,0.0,0.0,0.0005697152871992699,0.0005619823689938134,0.8518518518518519,0.5833333333333334,0.7816091954022991,1,normal_idle
12,0,0.02000528846948388,0.4539264639128461,0.05959475566150179,0.017889087656529516,0.0,0.0,0.2222222222222222,0.0,0.5781609195402299,2,medium_load
12,1,0.24720289543704244,0.40338931759721586,0.09455661501787843,0.1449016100178891,0.3687313213049377,0.3679746250672712,0.7407407407407407,0.9444444444444444,0.6114942528735631,2,medium_load
12,2,0.019319440083293393,0.40338931759721586,0.11054827175208581,0.24686940966010734,0.0,0.0,0.07407407407407407,0.05555555555555555,0.4252873563218393,2,medium_load
12,3,0.014258209522550363,0.3738840974428809,0.15107270560190703,0.32379248658318427,0.018665417799257438,0.018507317677203042,0.2962962962962963,0.7222222222222222,0.2758620689655178,2,medium_load
12,4,0.017170999355467783,0.40338931759721586,0.08462455303933254,0.1001788908765653,0.019785535991039053,0.019516980916412265,0.14814814814814814,0.4444444444444444,0.022988505747126756,2,medium_load
12,5,0.31587862962534496,0.4539264639128461,0.11442193087008343,0.1967799642218247,0.4359528970987973,0.43407422929833167,0.7037037037037037,0.9722222222222222,0.17241379310344823,2,medium_load
12,6,0.010556280883835463,0.35300348010288995,0.08611442193087009,0.10912343470483005,0.0,0.0,0.37037037037037035,0.3055555555555556,0.05747126436781607,2,medium_load
12,7,0.015873671685203854,0.4539264639128461,0.15107270560190703,0.552772808586762,0.019568271686598655,0.01930266560620276,0.5185185185185185,0.6666666666666666,0.19540229885057497,2,medium_load
12,8,0.012940223768365035,0.42608564079285816,0.12276519666269368,0.15742397137745975,0.01700938098985617,0.017264288877987914,0.4444444444444444,0.5,0.24137931034482768,2,medium_load
12,9,0.0165058090531987,0.4400060523528521,0.035160905840286055,0.10912343470483005,0.015140907971668735,0.015230674712222165,0.07407407407407407,0.2777777777777778,0.21839080459770174,2,medium_load
13,0,0.24720289543704244,0.40338931759721586,0.09455661501787843,0.1449016100178891,0.3687313213049377,0.3679746250672712,0.7407407407407407,0.9444444444444444,0.6114942528735631,1,medium_load
13,1,0.019319440083293393,0.40338931759721586,0.11054827175208581,0.24686940966010734,0.0,0.0,0.07407407407407407,0.05555555555555555,0.4252873563218393,1,medium_load
13,2,0.014258209522550363,0.3738840974428809,0.15107270560190703,0.32379248658318427,0.018665417799257438,0.018507317677203042,0.2962962962962963,0.7222222222222222,0.2758620689655178,1,medium_load
13,3,0.017170999355467783,0.40338931759721586,0.08462455303933254,0.1001788908765653,0.019785535991039053,0.019516980916412265,0.14814814814814814,0.4444444444444444,0.022988505747126756,1,medium_load
13,4,0.31587862962534496,0.4539264639128461,0.11442193087008343,0.1967799642218247,0.4359528970987973,0.43407422929833167,0.7037037037037037,0.9722222222222222,0.17241379310344823,1,medium_load
13,5,0.010556280883835463,0.35300348010288995,0.08611442193087009,0.10912343470483005,0.0,0.0,0.37037037037037035,0.3055555555555556,0.05747126436781607,1,medium_load
13,6,0.015873671685203854,0.4539264639128461,0.15107270560190703,0.552772808586762,0.019568271686598655,0.01930266560620276,0.5185185185185185,0.6666666666666666,0.19540229885057497,1,medium_load
13,7,0.012940223768365035,0.42608564079285816,0.12276519666269368,0.15742397137745975,0.01700938098985617,0.017264288877987914,0.4444444444444444,0.5,0.24137931034482768,1,medium_load
13,8,0.0165058090531987,0.4400060523528521,0.035160905840286055,0.10912343470483005,0.015140907971668735,0.015230674712222165,0.07407407407407407,0.2777777777777778,0.21839080459770174,1,medium_load
13,9,8.263233568560049e-06,0.05038583749432589,0.06138259833134684,0.148479427549195,0.00018346763486078185,0.00018097737306580432,0.14814814814814814,0.6111111111111112,0.04597701149425351,1,medium_load
14,0,0.019319440083293393,0.40338931759721586,0.11054827175208581,0.24686940966010734,0.0,0.0,0.07407407407407407,0.05555555555555555,0.4252873563218393,2,medium_load
14,1,0.014258209522550363,0.3738840974428809,0.15107270560190703,0.32379248658318427,0.018665417799257438,0.018507317677203042,0.2962962962962963,0.7222222222222222,0.2758620689655178,2,medium_load
14,2,0.017170999355467783,0.40338931759721586,0.08462455303933254,0.1001788908765653,0.019785535991039053,0.019516980916412265,0.14814814814814814,0.4444444444444444,0.022988505747126756,2,medium_load
14,3,0.31587862962534496,0.4539264639128461,0.11442193087008343,0.1967799642218247,0.4359528970987973,0.43407422929833167,0.7037037037037037,0.9722222222222222,0.17241379310344823,2,medium_load
14,4,0.010556280883835463,0.35300348010288995,0.08611442193087009,0.10912343470483005,0.0,0.0,0.37037037037037035,0.3055555555555556,0.05747126436781607,2,medium_load
14,5,0.015873671685203854,0.4539264639128461,0.15107270560190703,0.552772808586762,0.019568271686598655,0.01930266560620276,0.5185185185185185,0.6666666666666666,0.19540229885057497,2,medium_load
14,6,0.012940223768365035,0.42608564079285816,0.12276519666269368,0.15742397137745975,0.01700938098985617,0.017264288877987914,0.4444444444444444,0.5,0.24137931034482768,2,medium_load
14,7,0.0165058090531987,0.4400060523528521,0.035160905840286055,0.10912343470483005,0.015140907971668735,0.015230674712222165,0.07407407407407407,0.2777777777777778,0.21839080459770174,2,medium_load
14,8,8.263233568560049e-06,0.05038583749432589,0.06138259833134684,0.148479427549195,0.00018346763486078185,0.00018097737306580432,0.14814814814814814,0.6111111111111112,0.04597701149425351,2,medium_load
14,9,0.4031549025764762,0.11302768951429866,0.09505363528009535,0.11627906976744186,0.49150496569638036,0.4896676207666773,0.5555555555555556,0.8611111111111112,0.10344827586206959,2,medium_load
15,0,0.014258209522550363,0.3738840974428809,0.15107270560190703,0.32379248658318427,0.018665417799257438,0.018507317677203042,0.2962962962962963,0.7222222222222222,0.2758620689655178,1,medium_load
15,1,0.017170999355467783,0.40338931759721586,0.08462455303933254,0.1001788908765653,0.019785535991039053,0.019516980916412265,0.14814814814814814,0.4444444444444444,0.022988505747126756,1,medium_load
15,2,0.31587862962534496,0.4539264639128461,0.11442193087008343,0.1967799642218247,0.4359528970987973,0.43407422929833167,0.7037037037037037,0.9722222222222222,0.17241379310344823,1,medium_load
15,3,0.010556280883835463,0.35300348010288995,0.08611442193087009,0.10912343470483005,0.0,0.0,0.37037037037037035,0.3055555555555556,0.05747126436781607,1,medium_load
15,4,0.015873671685203854,0.4539264639128461,0.15107270560190703,0.552772808586762,0.019568271686598655,0.01930266560620276,0.5185185185185185,0.6666666666666666,0.19540229885057497,1,medium_load
15,5,0.012940223768365035,0.42608564079285816,0.12276519666269368,0.15742397137745975,0.01700938098985617,0.017264288877987914,0.4444444444444444,0.5,0.24137931034482768,1,medium_load
15,6,0.0165058090531987,0.4400060523528521,0.035160905840286055,0.10912343470483005,0.015140907971668735,0.015230674712222165,0.07407407407407407,0.2777777777777778,0.21839080459770174,1,medium_load
15,7,8.263233568560049e-06,0.05038583749432589,0.06138259833134684,0.148479427549195,0.00018346763486078185,0.00018097737306580432,0.14814814814814814,0.6111111111111112,0.04597701149425351,1,medium_load
15,8,0.4031549025764762,0.11302768951429866,0.09505363528009535,0.11627906976744186,0.49150496569638036,0.4896676207666773,0.5555555555555556,0.8611111111111112,0.10344827586206959,1,medium_load
15,9,0.004028326364673024,0.05038583749432589,0.11859356376638856,0.35778175313059035,0.0023078297227224665,0.0022765048506698544,0.7777777777777778,0.7222222222222222,0.1839080459770116,1,medium_load
16,0,0.017170999355467783,0.40338931759721586,0.08462455303933254,0.1001788908765653,0.019785535991039053,0.019516980916412265,0.14814814814814814,0.4444444444444444,0.022988505747126756,1,medium_load
16,1,0.31587862962534496,0.4539264639128461,0.11442193087008343,0.1967799642218247,0.4359528970987973,0.43407422929833167,0.7037037037037037,0.9722222222222222,0.17241379310344823,1,medium_load
16,2,0.010556280883835463,0.35300348010288995,0.08611442193087009,0.10912343470483005,0.0,0.0,0.37037037037037035,0.3055555555555556,0.05747126436781607,1,medium_load
16,3,0.015873671685203854,0.4539264639128461,0.15107270560190703,0.552772808586762,0.019568271686598655,0.01930266560620276,0.5185185185185185,0.6666666666666666,0.19540229885057497,1,medium_load
16,4,0.012940223768365035,0.42608564079285816,0.12276519666269368,0.15742397137745975,0.01700938098985617,0.017264288877987914,0.4444444444444444,0.5,0.24137931034482768,1,medium_load
16,5,0.0165058090531987,0.4400060523528521,0.035160905840286055,0.10912343470483005,0.015140907971668735,0.015230674712222165,0.07407407407407407,0.2777777777777778,0.21839080459770174,1,medium_load
16,6,8.263233568560049e-06,0.05038583749432589,0.06138259833134684,0.148479427549195,0.00018346763486078185,0.00018097737306580432,0.14814814814814814,0.6111111111111112,0.04597701149425351,1,medium_load
16,7,0.4031549025764762,0.11302768951429866,0.09505363528009535,0.11627906976744186,0.49150496569638036,0.4896676207666773,0.5555555555555556,0.8611111111111112,0.10344827586206959,1,medium_load
16,8,0.004028326364673024,0.05038583749432589,0.11859356376638856,0.35778175313059035,0.0023078297227224665,0.0022765048506698544,0.7777777777777778,0.7222222222222222,0.1839080459770116,1,medium_load
16,9,0.0004296881455651225,0.10077167498865178,0.07389749702026222,0.3881932021466905,0.0024912973575832486,0.002457482223735659,0.7777777777777778,0.5555555555555556,0.2873563218390804,1,medium_load
17,0,0.02167446165033301,0.655621122711454,0.19547079856972585,0.49731663685152055,0.01791706297285162,0.017673869248610523,0.37037037037037035,0.5,0.1379310344827589,3,high_load
17,1,0.014667239584194086,0.4539264639128461,0.05512514898688915,0.10554561717352415,0.015416109423959908,0.015206861899976663,0.4444444444444444,0.6111111111111112,0.16666666666666693,3,high_load
17,2,0.017613082351385746,0.4782871841428355,0.1162097735399285,0.16815742397137745,0.017806016772804304,0.01756433031228122,0.2962962962962963,0.4444444444444444,0.1379310344827589,3,high_load
17,3,0.01710902510370358,0.4782871841428355,0.06436233611442194,0.059033989266547404,0.017105942902940794,0.016873758757161704,0.14814814814814814,0.4444444444444444,0.0919540229885062,3,high_load
17,4,0.016051331206927894,0.4782871841428355,0.1632896305125149,0.18783542039355994,0.017289410537801576,0.017054736130227507,0.2222222222222222,0.6111111111111112,0.022988505747126756,3,high_load
17,5,0.5362879902163314,0.35300348010288995,0.1466030989272944,0.5635062611806798,0.6324853587999285,0.6288677960289755,0.6666666666666666,0.8888888888888888,0.11494252873563214,3,high_load
17,6,0.016402518633591698,0.5546981389014979,0.08402860548271752,0.23792486583184258,0.0,0.0,0.07407407407407407,0.1111111111111111,0.0,3,high_load
17,7,0.3612313870663868,0.7391435920714177,0.21215733015494637,0.3148479427549195,0.6852854128745999,0.6813321839682623,0.5925925925925926,0.9444444444444444,0.0919540229885062,3,high_load
17,8,0.026401031251549353,0.504312301407172,0.09892729439809297,0.1735241502683363,0.0,0.0,0.37037037037037035,0.3888888888888889,0.16091954022988567,3,high_load
17,9,0.5728775884579153,0.40338931759721586,0.05959475566150179,0.14311270125223613,0.7107874141202486,0.7089740964228394,0.5185185185185185,0.6666666666666666,0.25287356321839105,3,high_load
18,0,0.016051331206927894,0.4782871841428355,0.1632896305125149,0.18783542039355994,0.017289410537801576,0.017054736130227507,0.2222222222222222,0.6111111111111112,0.022988505747126756,2,high_load
18,1,0.5362879902163314,0.35300348010288995,0.1466030989272944,0.5635062611806798,0.6324853587999285,0.6288677960289755,0.6666666666666666,0.8888888888888888,0.11494252873563214,2,high_load
18,2,0.016402518633591698,0.5546981389014979,0.08402860548271752,0.23792486583184258,0.0,0.0,0.07407407407407407,0.1111111111111111,0.0,2,high_load
18,3,0.3612313870663868,0.7391435920714177,0.21215733015494637,0.3148479427549195,0.6852854128745999,0.6813321839682623,0.5925925925925926,0.9444444444444444,0.0919540229885062,2,high_load
18,4,0.026401031251549353,0.504312301407172,0.09892729439809297,0.1735241502683363,0.0,0.0,0.37037037037037035,0.3888888888888889,0.16091954022988567,2,high_load
18,5,0.5728775884579153,0.40338931759721586,0.05959475566150179,0.14311270125223613,0.7107874141202486,0.7089740964228394,0.5185185185185185,0.6666666666666666,0.25287356321839105,2,high_load
18,6,0.007552595481663885,0.504312301407172,0.08730631704410012,0.2558139534883721,0.0,0.0,0.0,0.16666666666666666,0.04597701149425351,2,high_load
18,7,2.4789700705680144e-05,0.10077167498865178,0.11293206197854588,0.18962432915921287,4.828095654231102e-06,4.762562449100114e-06,0.0,0.5555555555555556,0.022988505747126756,2,high_load
18,8,0.4693475350774265,0.15130882130428203,1.0,0.4007155635062612,0.7071904828578464,0.7054307499607089,0.5555555555555556,0.9722222222222222,0.011494252873563378,2,high_load
18,9,0.007560858715232445,0.5546981389014979,0.183253873659118,0.5831842576028623,0.006807614872465853,0.00671521305323116,0.7777777777777778,0.7222222222222222,0.1379310344827589,2,high_load
19,0,0.5362879902163314,0.35300348010288995,0.1466030989272944,0.5635062611806798,0.6324853587999285,0.6288677960289755,0.6666666666666666,0.8888888888888888,0.11494252873563214,0,high_load
19,1,0.016402518633591698,0.5546981389014979,0.08402860548271752,0.23792486583184258,0.0,0.0,0.07407407407407407,0.1111111111111111,0.0,0,high_load
19,2,0.3612313870663868,0.7391435920714177,0.21215733015494637,0.3148479427549195,0.6852854128745999,0.6813321839682623,0.5925925925925926,0.9444444444444444,0.0919540229885062,0,high_load
19,3,0.026401031251549353,0.504312301407172,0.09892729439809297,0.1735241502683363,0.0,0.0,0.37037037037037035,0.3888888888888889,0.16091954022988567,0,high_load
19,4,0.5728775884579153,0.40338931759721586,0.05959475566150179,0.14311270125223613,0.7107874141202486,0.7089740964228394,0.5185185185185185,0.6666666666666666,0.25287356321839105,0,high_load
19,5,0.007552595481663885,0.504312301407172,0.08730631704410012,0.2558139534883721,0.0,0.0,0.0,0.16666666666666666,0.04597701149425351,0,high_load
19,6,2.4789700705680144e-05,0.10077167498865178,0.11293206197854588,0.18962432915921287,4.828095654231102e-06,4.762562449100114e-06,0.0,0.5555555555555556,0.022988505747126756,0,high_load
19,7,0.4693475350774265,0.15130882130428203,1.0,0.4007155635062612,0.7071904828578464,0.7054307499607089,0.5555555555555556,0.9722222222222222,0.011494252873563378,0,high_load
19,8,0.007560858715232445,0.5546981389014979,0.183253873659118,0.5831842576028623,0.006807614872465853,0.00671521305323116,0.7777777777777778,0.7222222222222222,0.1379310344827589,0,high_load
19,9,1.6526467137120097e-05,0.15130882130428203,0.43941239570917756,0.4221824686940966,0.0,0.0,0.8148148148148148,0.5833333333333334,0.22988505747126428,0,high_load
20,0,0.0375192120180469,0.655621122711454,0.10160905840286055,0.1520572450805009,0.03997663201703352,0.03943401707854894,0.6666666666666666,0.3333333333333333,0.8471264367816095,1,stress_load
20,1,0.01674131120990266,0.504312301407172,0.23748510131108463,0.32737030411449014,0.0,0.0,0.5925925925925926,0.5,0.7563218390804601,1,stress_load
20,2,0.2640351022161992,1.0,0.5160905840286055,0.0,0.7940382674861555,0.7960242128674913,0.9259259259259259,0.8055555555555556,0.804597701149425,1,stress_load
20,3,0.047571435654200196,0.9078529278256922,0.14541120381406436,0.19141323792486584,0.016637617624480378,0.017764357935143426,0.7777777777777778,0.4444444444444444,0.7816091954022991,1,stress_load
20,4,0.044439670131715944,0.25208049629293383,0.14143861740166866,0.2039355992844365,0.0672650286547477,0.0670378290335332,1.0,0.7222222222222222,0.7931034482758624,1,stress_load
20,5,0.01987307673238692,0.3216825540929036,0.11769964243146604,0.22003577817531306,0.0,0.0,0.7407407407407407,0.3611111111111111,0.8160919540229884,1,stress_load
20,6,0.794071956237915,0.10077167498865178,0.17759237187127533,0.516994633273703,0.8454767985863336,0.847440837067976,0.9629629629629629,0.7222222222222222,0.9310344827586206,1,stress_load
20,7,0.0008924292254044853,0.05038583749432589,0.11293206197854588,0.23971377459749552,0.002462328783657862,0.002428906849041058,0.8888888888888888,0.5,0.9195402298850571,1,stress_load
20,8,0.00513146804607579,0.10077167498865178,0.033075089392133494,0.1252236135957066,0.002433360209732475,0.0024003314743464574,0.8888888888888888,0.5555555555555556,0.9540229885057473,1,stress_load
20,9,0.004077905766084384,0.10077167498865178,0.08134684147794995,0.19141323792486584,0.002703733566369417,0.0026860852212924643,0.8888888888888888,0.5555555555555556,0.9195402298850571,1,stress_load
21,0,0.8710728982465418,0.5546981389014979,0.03605482717520858,0.17173524150268335,0.9235905581761386,0.9246276866805416,0.7777777777777778,0.5277777777777778,0.8275862068965518,2,low_load
21,1,0.008168206382521607,0.35300348010288995,0.013706793802145411,0.03935599284436494,0.0,0.0,0.7407407407407407,0.5277777777777778,0.7988505747126438,2,low_load
21,2,0.008866449619064933,0.25208049629293383,0.02562574493444577,0.08407871198568873,0.005552310002365767,0.005476946816465131,0.6666666666666666,0.5,0.7586206896551724,2,low_load
21,3,0.8954824902080681,0.25208049629293383,0.007449344457687724,0.005366726296958855,0.945891532003032,0.946625962632935,0.7037037037037037,0.5833333333333334,0.7126436781609197,2,low_load
21,4,0.004519988762002347,0.30261764260856405,0.01698450536352801,0.057245080500894455,0.0,0.0,0.8148148148148148,0.6388888888888888,0.7126436781609197,2,low_load
21,5,0.9001057693896775,0.25208049629293383,0.00834326579261025,0.014311270125223614,0.9538047807803168,0.9544318024870101,0.9629629629629629,0.6666666666666666,0.7701149425287357,2,low_load
21,6,0.017299079475780462,0.30261764260856405,0.020858164481525627,0.04114490161001789,0.01095012094379614,0.010801491634559058,0.6296296296296297,0.3055555555555556,0.7356321839080464,2,low_load
21,7,0.016576046538531456,0.3738840974428809,0.08343265792610251,0.4472271914132379,0.00942444271705911,0.009296521900643423,0.7407407407407407,0.6388888888888888,0.7586206896551724,2,low_load
21,8,0.018224561635459186,0.30261764260856405,0.01966626936829559,0.04293381037567084,0.012070239135577754,0.011906406122750285,0.6666666666666666,0.5,0.747126436781609,2,low_load
21,9,0.01757589780032722,0.35300348010288995,0.01698450536352801,0.05366726296958855,0.01244683059660778,0.012277885993780093,0.6666666666666666,0.5555555555555556,0.7011494252873562,2,low_load
22,0,0.008168206382521607,0.35300348010288995,0.013706793802145411,0.03935599284436494,0.0,0.0,0.7407407407407407,0.5277777777777778,0.7988505747126438,1,low_load
22,1,0.008866449619064933,0.25208049629293383,0.02562574493444577,0.08407871198568873,0.005552310002365767,0.005476946816465131,0.6666666666666666,0.5,0.7586206896551724,1,low_load
22,2,0.8954824902080681,0.25208049629293383,0.007449344457687724,0.005366726296958855,0.945891532003032,0.946625962632935,0.7037037037037037,0.5833333333333334,0.7126436781609197,1,low_load
22,3,0.004519988762002347,0.30261764260856405,0.01698450536352801,0.057245080500894455,0.0,0.0,0.8148148148148148,0.6388888888888888,0.7126436781609197,1,low_load
22,4,0.9001057693896775,0.25208049629293383,0.00834326579261025,0.014311270125223614,0.9538047807803168,0.9544318024870101,0.9629629629629629,0.6666666666666666,0.7701149425287357,1,low_load
22,5,0.017299079475780462,0.30261764260856405,0.020858164481525627,0.04114490161001789,0.01095012094379614,0.010801491634559058,0.6296296296296297,0.3055555555555556,0.7356321839080464,1,low_load
22,6,0.016576046538531456,0.3738840974428809,0.08343265792610251,0.4472271914132379,0.00942444271705911,0.009296521900643423,0.7407407407407407,0.6388888888888888,0.7586206896551724,1,low_load
22,7,0.018224561635459186,0.30261764260856405,0.01966626936829559,0.04293381037567084,0.012070239135577754,0.011906406122750285,0.6666666666666666,0.5,0.747126436781609,1,low_load
22,8,0.01757589780032722,0.35300348010288995,0.01698450536352801,0.05366726296958855,0.01244683059660778,0.012277885993780093,0.6666666666666666,0.5555555555555556,0.7011494252873562,1,low_load
22,9,0.004792675469764828,0.30261764260856405,0.028307508939213348,0.09838998211091235,0.0,0.0,0.0,0.05555555555555555,0.4022988505747125,1,low_load
23,0,0.8954824902080681,0.25208049629293383,0.007449344457687724,0.005366726296958855,0.945891532003032,0.946625962632935,0.7037037037037037,0.5833333333333334,0.7126436781609197,2,low_load
23,1,0.004519988762002347,0.30261764260856405,0.01698450536352801,0.057245080500894455,0.0,0.0,0.8148148148148148,0.6388888888888888,0.7126436781609197,2,low_load
23,2,0.9001057693896775,0.25208049629293383,0.00834326579261025,0.014311270125223614,0.9538047807803168,0.9544318024870101,0.9629629629629629,0.6666666666666666,0.7701149425287357,2,low_load
23,3,0.017299079475780462,0.30261764260856405,0.020858164481525627,0.04114490161001789,0.01095012094379614,0.010801491634559058,0.6296296296296297,0.3055555555555556,0.7356321839080464,2,low_load
23,4,0.016576046538531456,0.3738840974428809,0.08343265792610251,0.4472271914132379,0.00942444271705911,0.009296521900643423,0.7407407407407407,0.6388888888888888,0.7586206896551724,2,low_load
23,5,0.018224561635459186,0.30261764260856405,0.01966626936829559,0.04293381037567084,0.012070239135577754,0.011906406122750285,0.6666666666666666,0.5,0.747126436781609,2,low_load
23,6,0.01757589780032722,0.35300348010288995,0.01698450536352801,0.05366726296958855,0.01244683059660778,0.012277885993780093,0.6666666666666666,0.5555555555555556,0.7011494252873562,2,low_load
23,7,0.004792675469764828,0.30261764260856405,0.028307508939213348,0.09838998211091235,0.0,0.0,0.0,0.05555555555555555,0.4022988505747125,2,low_load
23,8,0.9442066469450826,0.40338931759721586,0.03188319427890346,0.13416815742397137,0.9888470990387261,0.9889984807425788,0.5925925925925926,1.0,0.39080459770114995,2,low_load
23,9,0.0173941066618189,0.3216825540929036,0.030095351609058404,0.07513416815742398,0.007280768246580502,0.007181944173242972,0.7407407407407407,0.6666666666666666,0.39080459770114995,2,low_load
24,0,0.004519988762002347,0.30261764260856405,0.01698450536352801,0.057245080500894455,0.0,0.0,0.8148148148148148,0.6388888888888888,0.7126436781609197,2,low_load
24,1,0.9001057693896775,0.25208049629293383,0.00834326579261025,0.014311270125223614,0.9538047807803168,0.9544318024870101,0.9629629629629629,0.6666666666666666,0.7701149425287357,2,low_load
24,2,0.017299079475780462,0.30261764260856405,0.020858164481525627,0.04114490161001789,0.01095012094379614,0.010801491634559058,0.6296296296296297,0.3055555555555556,0.7356321839080464,2,low_load
24,3,0.016576046538531456,0.3738840974428809,0.08343265792610251,0.4472271914132379,0.00942444271705911,0.009296521900643423,0.7407407407407407,0.6388888888888888,0.7586206896551724,2,low_load
24,4,0.018224561635459186,0.30261764260856405,0.01966626936829559,0.04293381037567084,0.012070239135577754,0.011906406122750285,0.6666666666666666,0.5,0.747126436781609,2,low_load
24,5,0.01757589780032722,0.35300348010288995,0.01698450536352801,0.05366726296958855,0.01244683059660778,0.012277885993780093,0.6666666666666666,0.5555555555555556,0.7011494252873562,2,low_load
24,6,0.004792675469764828,0.30261764260856405,0.028307508939213348,0.09838998211091235,0.0,0.0,0.0,0.05555555555555555,0.4022988505747125,2,low_load
24,7,0.9442066469450826,0.40338931759721586,0.03188319427890346,0.13416815742397137,0.9888470990387261,0.9889984807425788,0.5925925925925926,1.0,0.39080459770114995,2,low_load
24,8,0.0173941066618189,0.3216825540929036,0.030095351609058404,0.07513416815742398,0.007280768246580502,0.007181944173242972,0.7407407407407407,0.6666666666666666,0.39080459770114995,2,low_load
24,9,0.0171462096547621,0.3373430170978968,0.012216924910607866,0.025044722719141325,0.011674335291930803,0.011515876001924075,1.0,0.75,0.49425287356321873,2,low_load
25,0,0.9001057693896775,0.25208049629293383,0.00834326579261025,0.014311270125223614,0.9538047807803168,0.9544318024870101,0.9629629629629629,0.6666666666666666,0.7701149425287357,1,low_load
25,1,0.017299079475780462,0.30261764260856405,0.020858164481525627,0.04114490161001789,0.01095012094379614,0.010801491634559058,0.6296296296296297,0.3055555555555556,0.7356321839080464,1,low_load
25,2,0.016576046538531456,0.3738840974428809,0.08343265792610251,0.4472271914132379,0.00942444271705911,0.009296521900643423,0.7407407407407407,0.6388888888888888,0.7586206896551724,1,low_load
25,3,0.018224561635459186,0.30261764260856405,0.01966626936829559,0.04293381037567084,0.012070239135577754,0.011906406122750285,0.6666666666666666,0.5,0.747126436781609,1,low_load
25,4,0.01757589780032722,0.35300348010288995,0.01698450536352801,0.05366726296958855,0.01244683059660778,0.012277885993780093,0.6666666666666666,0.5555555555555556,0.7011494252873562,1,low_load
25,5,0.004792675469764828,0.30261764260856405,0.028307508939213348,0.09838998211091235,0.0,0.0,0.0,0.05555555555555555,0.4022988505747125,1,low_load
25,6,0.9442066469450826,0.40338931759721586,0.03188319427890346,0.13416815742397137,0.9888470990387261,0.9889984807425788,0.5925925925925926,1.0,0.39080459770114995,1,low_load
25,7,0.0173941066618189,0.3216825540929036,0.030095351609058404,0.07513416815742398,0.007280768246580502,0.007181944173242972,0.7407407407407407,0.6666666666666666,0.39080459770114995,1,low_load
25,8,0.0171462096547621,0.3373430170978968,0.012216924910607866,0.025044722719141325,0.011674335291930803,0.011515876001924075,1.0,0.75,0.49425287356321873,1,low_load
25,9,0.004429093192748187,0.30261764260856405,0.029201430274135878,0.07871198568872988,0.0,0.0,0.5925925925925926,0.25,0.471264367816092,1,low_load
26,0,0.017299079475780462,0.30261764260856405,0.020858164481525627,0.04114490161001789,0.01095012094379614,0.010801491634559058,0.6296296296296297,0.3055555555555556,0.7356321839080464,2,low_load
26,1,0.016576046538531456,0.3738840974428809,0.08343265792610251,0.4472271914132379,0.00942444271705911,0.009296521900643423,0.7407407407407407,0.6388888888888888,0.7586206896551724,2,low_load
26,2,0.018224561635459186,0.30261764260856405,0.01966626936829559,0.04293381037567084,0.012070239135577754,0.011906406122750285,0.6666666666666666,0.5,0.747126436781609,2,low_load
26,3,0.01757589780032722,0.35300348010288995,0.01698450536352801,0.05366726296958855,0.01244683059660778,0.012277885993780093,0.6666666666666666,0.5555555555555556,0.7011494252873562,2,low_load
26,4,0.004792675469764828,0.30261764260856405,0.028307508939213348,0.09838998211091235,0.0,0.0,0.0,0.05555555555555555,0.4022988505747125,2,low_load
26,5,0.9442066469450826,0.40338931759721586,0.03188319427890346,0.13416815742397137,0.9888470990387261,0.9889984807425788,0.5925925925925926,1.0,0.39080459770114995,2,low_load
26,6,0.0173941066618189,0.3216825540929036,0.030095351609058404,0.07513416815742398,0.007280768246580502,0.007181944173242972,0.7407407407407407,0.6666666666666666,0.39080459770114995,2,low_load
26,7,0.0171462096547621,0.3373430170978968,0.012216924910607866,0.025044722719141325,0.011674335291930803,0.011515876001924075,1.0,0.75,0.49425287356321873,2,low_load
26,8,0.004429093192748187,0.30261764260856405,0.029201430274135878,0.07871198568872988,0.0,0.0,0.5925925925925926,0.25,0.471264367816092,2,low_load
26,9,1.0,0.10077167498865178,0.03247914183551848,0.07871198568872988,1.0,1.0,0.9259259259259259,0.8055555555555556,0.7586206896551724,2,low_load
27,0,0.016576046538531456,0.3738840974428809,0.08343265792610251,0.4472271914132379,0.00942444271705911,0.009296521900643423,0.7407407407407407,0.6388888888888888,0.7586206896551724,0,low_load
27,1,0.018224561635459186,0.30261764260856405,0.01966626936829559,0.04293381037567084,0.012070239135577754,0.011906406122750285,0.6666666666666666,0.5,0.747126436781609,0,low_load
27,2,0.01757589780032722,0.35300348010288995,0.01698450536352801,0.05366726296958855,0.01244683059660778,0.012277885993780093,0.6666666666666666,0.5555555555555556,0.7011494252873562,0,low_load
27,3,0.004792675469764828,0.30261764260856405,0.028307508939213348,0.09838998211091235,0.0,0.0,0.0,0.05555555555555555,0.4022988505747125,0,low_load
27,4,0.9442066469450826,0.40338931759721586,0.03188319427890346,0.13416815742397137,0.9888470990387261,0.9889984807425788,0.5925925925925926,1.0,0.39080459770114995,0,low_load
27,5,0.0173941066618189,0.3216825540929036,0.030095351609058404,0.07513416815742398,0.007280768246580502,0.007181944173242972,0.7407407407407407,0.6666666666666666,0.39080459770114995,0,low_load
27,6,0.0171462096547621,0.3373430170978968,0.012216924910607866,0.025044722719141325,0.011674335291930803,0.011515876001924075,1.0,0.75,0.49425287356321873,0,low_load
27,7,0.004429093192748187,0.30261764260856405,0.029201430274135878,0.07871198568872988,0.0,0.0,0.5925925925925926,0.25,0.471264367816092,0,low_load
27,8,1.0,0.10077167498865178,0.03247914183551848,0.07871198568872988,1.0,1.0,0.9259259259259259,0.8055555555555556,0.7586206896551724,0,low_load
27,9,2.0658083921400124e-05,0.15130882130428203,0.04886769964243146,0.03220035778175313,0.0,0.0,0.9259259259259259,0.5555555555555556,0.8620689655172411,0,low_load
