timestamp,throughput_mbps,channel_occupancy_percent,channel_occupancy_method,latency_ms,jitter_ms,packet_loss_udp_percent,tx_retries_delta,tx_failed_delta,rssi_dbm,connected_clients,rssi_delta_db,rssi_moving_avg_dbm,scenario,throughput_score,occupancy_score,retry_failed_score,jitter_score,congestion_score,label
2026-08-15 11:31:14,0.0,50.0,instantaneous,0.08,0.046,,0,0,-19.0,1,0.0,-19.0,normal_idle,0.0,0.5,0.0,0.046,0.1796,0.0
2026-08-15 11:31:18,0.3,43.33,instantaneous_fallback,0.078,0.015,,0,0,-20.0,1,-1.0,-19.5,normal_idle,0.002,0.4333,0.0,0.015,0.1539,0.0
2026-08-15 11:31:22,0.07,46.67,instantaneous_fallback,0.084,0.012,,0,0,-20.0,1,0.0,-19.67,normal_idle,0.0005,0.4667,0.0,0.012,0.1647,0.0
2026-08-15 11:31:26,0.08,43.33,instantaneous_fallback,0.087,0.004,,4,4,-20.0,1,0.0,-19.75,normal_idle,0.0005,0.4333,0.08,0.004,0.1682,0.0
2026-08-15 11:31:30,0.05,40.0,instantaneous_fallback,0.056,0.002,,0,0,-20.0,1,0.0,-19.8,normal_idle,0.0003,0.4,0.0,0.002,0.1403,0.0
2026-08-15 11:31:34,0.0,46.67,instantaneous_fallback,0.088,0.018,,0,0,-20.0,1,0.0,-20.0,normal_idle,0.0,0.4667,0.0,0.018,0.1651,0.0
2026-08-15 11:31:38,0.0,43.33,instantaneous_fallback,0.086,0.01,,0,0,-20.0,1,0.0,-20.0,normal_idle,0.0,0.4333,0.0,0.01,0.1527,0.0
2026-08-15 11:31:42,0.0,43.33,instantaneous_fallback,0.09,0.005,,0,0,-20.0,1,0.0,-20.0,normal_idle,0.0,0.4333,0.0,0.005,0.1522,0.0
2026-08-15 11:31:46,0.05,40.0,instantaneous_fallback,0.094,0.007,,3,3,-20.0,1,0.0,-20.0,normal_idle,0.0003,0.4,0.06,0.007,0.1528,0.0
2026-08-15 11:31:50,0.03,43.33,instantaneous_fallback,0.083,0.01,,0,0,-19.0,1,1.0,-19.8,normal_idle,0.0002,0.4333,0.0,0.01,0.1527,0.0
2026-08-15 11:31:54,0.0,46.67,instantaneous_fallback,0.055,0.002,,0,0,-19.0,1,0.0,-19.6,normal_idle,0.0,0.4667,0.0,0.002,0.1635,0.0
2026-08-15 11:31:58,0.11,43.33,instantaneous_fallback,0.08,0.015,,1,1,-19.0,1,0.0,-19.4,normal_idle,0.0007,0.4333,0.02,0.015,0.1574,0.0
2026-08-15 11:32:02,0.0,46.67,instantaneous_fallback,0.087,0.014,,0,0,-19.0,1,0.0,-19.2,normal_idle,0.0,0.4667,0.0,0.014,0.1647,0.0
2026-08-15 11:32:06,0.0,43.33,instantaneous_fallback,0.077,0.009,,0,0,-19.0,1,0.0,-19.0,normal_idle,0.0,0.4333,0.0,0.009,0.1526,0.0
2026-08-15 11:32:10,0.0,43.33,instantaneous_fallback,0.055,0.002,,0,0,-19.0,1,0.0,-19.0,normal_idle,0.0,0.4333,0.0,0.002,0.1519,0.0
2026-08-15 11:32:14,0.0,48.28,instantaneous_fallback,0.071,0.016,,0,0,-19.0,1,0.0,-19.0,normal_idle,0.0,0.4828,0.0,0.016,0.1706,0.0
2026-08-15 11:32:18,0.05,42.48,neighbor_interpolated,0.092,0.008,,0,0,-18.0,1,1.0,-18.8,normal_idle,0.0003,0.4248,0.0,0.008,0.1496,0.0
2026-08-15 11:32:22,0.0,36.67,instantaneous_fallback,0.083,0.013,,0,0,-18.0,1,0.0,-18.6,normal_idle,0.0,0.3667,0.0,0.013,0.1296,0.0
2026-08-15 11:32:26,0.05,43.33,instantaneous_fallback,0.095,0.006,,0,0,-18.0,1,0.0,-18.4,normal_idle,0.0003,0.4333,0.0,0.006,0.1524,0.0
2026-08-15 11:32:30,0.0,43.33,instantaneous_fallback,0.09,0.008,,0,0,-18.0,1,0.0,-18.2,normal_idle,0.0,0.4333,0.0,0.008,0.1525,0.0
2026-08-15 11:32:34,0.01,40.0,instantaneous_fallback,0.087,0.014,,0,0,-18.0,1,0.0,-18.0,normal_idle,0.0001,0.4,0.0,0.014,0.1414,0.0
2026-08-15 11:32:38,0.0,43.33,instantaneous_fallback,0.082,0.01,,0,0,-18.0,1,0.0,-18.0,normal_idle,0.0,0.4333,0.0,0.01,0.1527,0.0
2026-08-15 11:32:42,0.0,43.33,instantaneous_fallback,0.055,0.001,,0,0,-18.0,1,0.0,-18.0,normal_idle,0.0,0.4333,0.0,0.001,0.1518,0.0
2026-08-15 11:32:46,0.0,36.67,instantaneous_fallback,0.075,0.015,,0,0,-18.0,1,0.0,-18.0,normal_idle,0.0,0.3667,0.0,0.015,0.1298,0.0
2026-08-15 11:32:50,0.01,43.33,instantaneous_fallback,0.079,0.01,,0,0,-18.0,1,0.0,-18.0,normal_idle,0.0001,0.4333,0.0,0.01,0.1527,0.0
2026-08-15 11:32:54,0.0,43.33,instantaneous_fallback,0.086,0.003,,0,0,-18.0,1,0.0,-18.0,normal_idle,0.0,0.4333,0.0,0.003,0.152,0.0
2026-08-15 11:32:58,0.0,43.33,instantaneous_fallback,0.086,0.004,,0,0,-18.0,1,0.0,-18.0,normal_idle,0.0,0.4333,0.0,0.004,0.1521,0.0
2026-08-15 11:33:02,0.0,43.33,instantaneous_fallback,0.081,0.01,,0,0,-18.0,1,0.0,-18.0,normal_idle,0.0,0.4333,0.0,0.01,0.1527,0.0
2026-08-15 11:33:06,0.0,43.33,instantaneous_fallback,0.081,0.012,,0,0,-18.0,1,0.0,-18.0,normal_idle,0.0,0.4333,0.0,0.012,0.1529,0.0
2026-08-15 11:33:10,0.0,40.0,instantaneous_fallback,0.078,0.009,,0,0,-18.0,1,0.0,-18.0,normal_idle,0.0,0.4,0.0,0.009,0.1409,0.0
2026-08-15 11:33:14,0.0,40.0,instantaneous_fallback,0.057,0.002,,0,0,-18.0,1,0.0,-18.0,normal_idle,0.0,0.4,0.0,0.002,0.1402,0.0
2026-08-15 11:33:18,0.0,46.67,instantaneous_fallback,0.066,0.012,,10,10,-18.0,1,0.0,-18.0,normal_idle,0.0,0.4667,0.2,0.012,0.2045,1.0
2026-08-15 11:33:22,0.05,40.0,instantaneous_fallback,0.081,0.013,,16,16,-18.0,1,0.0,-18.0,normal_idle,0.0003,0.4,0.32,0.013,0.2054,1.0
2026-08-15 11:33:26,0.0,40.0,instantaneous_fallback,0.079,0.011,,0,0,-18.0,1,0.0,-18.0,normal_idle,0.0,0.4,0.0,0.011,0.1411,0.0
2026-08-15 11:33:30,0.0,43.33,instantaneous_fallback,0.081,0.008,,0,0,-18.0,1,0.0,-18.0,normal_idle,0.0,0.4333,0.0,0.008,0.1525,0.0
2026-08-15 11:33:34,0.0,43.33,instantaneous_fallback,0.054,0.002,,0,0,-18.0,1,0.0,-18.0,normal_idle,0.0,0.4333,0.0,0.002,0.1519,0.0
2026-08-15 11:33:38,0.0,36.67,instantaneous_fallback,0.074,0.013,,0,0,-18.0,1,0.0,-18.0,normal_idle,0.0,0.3667,0.0,0.013,0.1296,0.0
2026-08-15 11:33:41,0.0,40.0,instantaneous_fallback,0.078,0.009,,0,0,-18.0,1,0.0,-18.0,normal_idle,0.0,0.4,0.0,0.009,0.1409,0.0
2026-08-15 11:33:45,0.0,41.38,instantaneous_fallback,0.082,0.012,,0,0,-18.0,1,0.0,-18.0,normal_idle,0.0,0.4138,0.0,0.012,0.146,0.0
2026-08-15 11:33:49,0.04,42.36,neighbor_interpolated,0.079,0.006,,2,2,-18.0,1,0.0,-18.0,normal_idle,0.0003,0.4236,0.04,0.006,0.157,0.0
2026-08-15 11:33:53,0.0,43.33,instantaneous_fallback,0.078,0.008,,0,0,-18.0,1,0.0,-18.0,normal_idle,0.0,0.4333,0.0,0.008,0.1525,0.0
2026-08-15 11:33:58,0.0,40.0,instantaneous_fallback,0.056,0.004,,0,0,-18.0,1,0.0,-18.0,normal_idle,0.0,0.4,0.0,0.004,0.1404,0.0
2026-08-15 11:34:02,0.0,43.33,instantaneous_fallback,0.074,0.013,,0,0,-18.0,1,0.0,-18.0,normal_idle,0.0,0.4333,0.0,0.013,0.153,0.0
2026-08-15 11:34:05,0.0,46.67,instantaneous_fallback,0.085,0.01,,0,0,-18.0,1,0.0,-18.0,normal_idle,0.0,0.4667,0.0,0.01,0.1643,0.0
2026-08-15 11:34:09,0.02,43.33,instantaneous_fallback,0.086,0.003,,0,0,-18.0,1,0.0,-18.0,normal_idle,0.0001,0.4333,0.0,0.003,0.152,0.0
2026-08-15 11:34:13,0.0,46.67,instantaneous_fallback,0.088,0.005,,9,9,-18.0,1,0.0,-18.0,normal_idle,0.0,0.4667,0.18,0.005,0.1998,0.0
2026-08-15 11:34:17,0.0,46.67,instantaneous_fallback,0.079,0.009,,0,0,-18.0,1,0.0,-18.0,normal_idle,0.0,0.4667,0.0,0.009,0.1642,0.0
2026-08-15 11:34:22,0.0,43.33,instantaneous_fallback,0.082,0.01,,0,0,-18.0,1,0.0,-18.0,normal_idle,0.0,0.4333,0.0,0.01,0.1527,0.0
2026-08-15 11:34:26,0.0,46.67,instantaneous_fallback,0.087,0.004,,0,0,-18.0,1,0.0,-18.0,normal_idle,0.0,0.4667,0.0,0.004,0.1637,0.0
2026-08-15 11:34:30,0.0,43.33,instantaneous_fallback,0.081,0.011,,0,0,-18.0,1,0.0,-18.0,normal_idle,0.0,0.4333,0.0,0.011,0.1528,0.0
2026-08-15 11:34:34,0.0,46.67,instantaneous_fallback,0.059,0.007,,0,0,-18.0,1,0.0,-18.0,normal_idle,0.0,0.4667,0.0,0.007,0.164,0.0
2026-08-15 11:34:38,0.0,43.33,instantaneous_fallback,0.074,0.011,,0,0,-18.0,1,0.0,-18.0,normal_idle,0.0,0.4333,0.0,0.011,0.1528,0.0
2026-08-15 11:34:42,0.0,43.33,instantaneous_fallback,0.053,0.002,,0,0,-18.0,1,0.0,-18.0,normal_idle,0.0,0.4333,0.0,0.002,0.1519,0.0
2026-08-15 11:34:46,0.02,46.67,instantaneous_fallback,0.075,0.015,,0,0,-18.0,1,0.0,-18.0,normal_idle,0.0001,0.4667,0.0,0.015,0.1649,0.0
2026-08-15 11:34:49,0.0,46.67,instantaneous_fallback,0.08,0.012,,0,0,-18.0,1,0.0,-18.0,normal_idle,0.0,0.4667,0.0,0.012,0.1645,0.0
2026-08-15 11:34:53,0.0,46.67,instantaneous_fallback,0.088,0.011,,0,0,-18.0,1,0.0,-18.0,normal_idle,0.0,0.4667,0.0,0.011,0.1644,0.0
2026-08-15 11:34:57,0.01,48.28,instantaneous_fallback,0.08,0.01,,0,0,-18.0,1,0.0,-18.0,normal_idle,0.0001,0.4828,0.0,0.01,0.17,0.0
2026-08-15 11:35:01,0.0,45.8,neighbor_interpolated,0.079,0.008,,0,0,-18.0,1,0.0,-18.0,normal_idle,0.0,0.458,0.0,0.008,0.1611,0.0
2026-08-15 11:35:05,0.0,43.33,instantaneous_fallback,0.085,0.006,,0,0,-18.0,1,0.0,-18.0,normal_idle,0.0,0.4333,0.0,0.006,0.1523,0.0
2026-08-15 11:35:09,0.0,46.67,instantaneous_fallback,0.094,0.011,,0,0,-18.0,1,0.0,-18.0,normal_idle,0.0,0.4667,0.0,0.011,0.1644,0.0
2026-08-15 11:35:14,0.33,46.67,instantaneous_fallback,0.056,0.001,,0,0,-18.0,1,0.0,-18.0,normal_idle,0.0022,0.4667,0.0,0.001,0.1642,0.0
2026-08-15 11:35:18,0.0,43.33,instantaneous_fallback,0.073,0.018,,0,0,-18.0,1,0.0,-18.0,normal_idle,0.0,0.4333,0.0,0.018,0.1535,0.0
2026-08-15 11:35:21,0.05,46.67,instantaneous_fallback,0.078,0.011,,0,0,-18.0,1,0.0,-18.0,normal_idle,0.0003,0.4667,0.0,0.011,0.1646,0.0
2026-08-15 11:35:26,0.0,43.33,instantaneous_fallback,0.079,0.01,,0,0,-18.0,1,0.0,-18.0,normal_idle,0.0,0.4333,0.0,0.01,0.1527,0.0
2026-08-15 11:35:29,0.0,43.33,instantaneous_fallback,0.078,0.01,,0,0,-18.0,1,0.0,-18.0,normal_idle,0.0,0.4333,0.0,0.01,0.1527,0.0
2026-08-15 11:35:33,0.11,40.0,instantaneous_fallback,0.078,0.01,,0,0,-18.0,1,0.0,-18.0,normal_idle,0.0007,0.4,0.0,0.01,0.1413,0.0
2026-08-15 11:35:53,1.71,46.67,instantaneous_fallback,0.054,0.004,,0,0,-18.0,1,0.0,-18.0,normal_idle,0.0114,0.4667,0.0,0.004,0.1677,0.0
2026-08-15 11:36:58,0.02,46.67,instantaneous_fallback,0.087,0.005,,0,0,-18.0,1,1.0,-18.6,normal_idle,0.0001,0.4667,0.0,0.005,0.1639,0.0
2026-08-15 11:37:02,0.02,50.0,instantaneous_fallback,0.081,0.011,,0,0,-18.0,1,0.0,-18.4,normal_idle,0.0001,0.5,0.0,0.011,0.1761,0.0
2026-08-15 11:37:06,0.0,50.0,instantaneous_fallback,0.08,0.011,,0,0,-18.0,1,0.0,-18.2,normal_idle,0.0,0.5,0.0,0.011,0.1761,0.0
2026-08-15 11:37:10,0.0,46.67,instantaneous_fallback,0.084,0.01,,0,0,-18.0,1,0.0,-18.2,normal_idle,0.0,0.4667,0.0,0.01,0.1643,0.0
2026-08-15 11:37:14,0.0,46.67,instantaneous_fallback,0.085,0.01,,0,0,-18.0,1,0.0,-18.0,normal_idle,0.0,0.4667,0.0,0.01,0.1643,0.0
2026-08-15 11:37:18,0.0,46.67,instantaneous_fallback,0.086,0.002,,0,0,-18.0,1,0.0,-18.0,normal_idle,0.0,0.4667,0.0,0.002,0.1635,0.0
2026-08-15 11:37:22,0.05,46.67,instantaneous_fallback,0.06,0.008,,0,0,-18.0,1,0.0,-18.0,normal_idle,0.0003,0.4667,0.0,0.008,0.1643,0.0
2026-08-15 11:37:26,0.04,43.33,instantaneous_fallback,0.073,0.011,,3,3,-19.0,1,-1.0,-18.2,normal_idle,0.0003,0.4333,0.06,0.011,0.1648,0.0
2026-08-15 11:37:30,0.02,50.0,instantaneous_fallback,0.082,0.012,,0,0,-19.0,1,0.0,-18.4,normal_idle,0.0001,0.5,0.0,0.012,0.1762,0.0
2026-08-15 11:37:34,0.0,46.67,instantaneous_fallback,0.086,0.005,,0,0,-19.0,1,0.0,-18.6,normal_idle,0.0,0.4667,0.0,0.005,0.1638,0.0
2026-08-15 11:37:38,0.0,46.67,instantaneous_fallback,0.087,0.001,,0,0,-19.0,1,0.0,-18.8,normal_idle,0.0,0.4667,0.0,0.001,0.1634,0.0
2026-08-15 11:37:42,0.31,50.0,instantaneous_fallback,0.08,0.008,,2,2,-20.0,1,-1.0,-19.2,normal_idle,0.0021,0.5,0.04,0.008,0.1845,0.0
2026-08-15 11:37:46,0.1,46.67,instantaneous_fallback,0.083,0.01,,0,0,-20.0,1,0.0,-19.4,normal_idle,0.0007,0.4667,0.0,0.01,0.1646,0.0
2026-08-15 11:37:50,0.2,40.0,instantaneous_fallback,0.088,0.015,,0,0,-19.0,1,1.0,-19.4,normal_idle,0.0013,0.4,0.0,0.015,0.142,0.0
2026-08-15 11:37:54,0.08,40.0,instantaneous_fallback,0.053,0.003,,0,0,-19.0,1,0.0,-19.4,normal_idle,0.0005,0.4,0.0,0.003,0.1405,0.0
2026-08-15 11:37:58,0.04,43.33,instantaneous_fallback,0.075,0.01,,0,0,-19.0,1,0.0,-19.4,normal_idle,0.0003,0.4333,0.0,0.01,0.1527,0.0
2026-08-15 11:38:02,0.05,46.67,instantaneous_fallback,0.059,0.007,,0,0,-18.0,1,1.0,-19.0,normal_idle,0.0003,0.4667,0.0,0.007,0.1642,0.0
2026-08-15 11:38:06,0.05,40.0,instantaneous_fallback,0.075,0.011,,0,0,-18.0,1,0.0,-18.6,normal_idle,0.0003,0.4,0.0,0.011,0.1412,0.0
2026-08-15 11:38:10,0.0,43.33,instantaneous_fallback,0.086,0.014,,1,1,-18.0,1,0.0,-18.4,normal_idle,0.0,0.4333,0.02,0.014,0.1571,0.0
2026-08-15 11:38:14,0.0,46.67,instantaneous_fallback,0.082,0.012,,0,0,-18.0,1,0.0,-18.2,normal_idle,0.0,0.4667,0.0,0.012,0.1645,0.0
2026-08-15 11:38:18,0.1,43.33,instantaneous_fallback,0.08,0.01,,0,0,-18.0,1,0.0,-18.0,normal_idle,0.0007,0.4333,0.0,0.01,0.1529,0.0
2026-08-15 11:38:22,0.04,46.67,instantaneous_fallback,0.082,0.012,,3,3,-18.0,1,0.0,-18.0,normal_idle,0.0003,0.4667,0.06,0.012,0.1766,0.0
2026-08-15 11:38:26,0.0,43.33,instantaneous_fallback,0.082,0.011,,0,0,-18.0,1,0.0,-18.0,normal_idle,0.0,0.4333,0.0,0.011,0.1528,0.0
2026-08-15 11:38:30,0.09,40.0,instantaneous_fallback,0.053,0.002,,0,0,-18.0,1,0.0,-18.0,normal_idle,0.0006,0.4,0.0,0.002,0.1404,0.0
2026-08-15 11:38:34,0.41,43.33,instantaneous_fallback,0.075,0.015,,0,0,-20.0,1,-2.0,-18.4,normal_idle,0.0027,0.4333,0.0,0.015,0.1541,0.0
2026-08-15 11:38:38,0.07,46.67,instantaneous_fallback,0.081,0.009,,0,0,-21.0,1,-1.0,-19.0,normal_idle,0.0005,0.4667,0.0,0.009,0.1644,0.0
2026-08-15 11:38:42,0.22,46.67,instantaneous_fallback,0.079,0.008,,0,0,-24.0,1,-3.0,-20.2,normal_idle,0.0015,0.4667,0.0,0.008,0.1647,0.0
2026-08-15 11:38:46,0.05,46.67,instantaneous_fallback,0.09,0.007,,0,0,-25.0,1,-1.0,-21.6,normal_idle,0.0003,0.4667,0.0,0.007,0.1642,0.0
2026-08-15 11:38:50,0.04,50.0,instantaneous_fallback,0.084,0.003,,3,3,-26.0,1,-1.0,-23.2,normal_idle,0.0003,0.5,0.06,0.003,0.1874,0.0
2026-08-15 11:38:54,0.1,50.0,instantaneous_fallback,0.089,0.012,,0,0,-28.0,1,-2.0,-24.8,normal_idle,0.0007,0.5,0.0,0.012,0.1764,0.0
2026-08-15 11:38:58,0.0,46.67,instantaneous_fallback,0.09,0.006,,0,0,-28.0,1,0.0,-26.2,normal_idle,0.0,0.4667,0.0,0.006,0.1639,0.0
2026-08-15 11:39:02,0.09,40.0,instantaneous_fallback,0.078,0.008,,0,0,-29.0,1,-1.0,-27.2,normal_idle,0.0006,0.4,0.0,0.008,0.141,0.0
2026-08-15 11:39:06,0.0,43.33,instantaneous_fallback,0.083,0.004,,0,0,-29.0,1,0.0,-28.0,normal_idle,0.0,0.4333,0.0,0.004,0.1521,0.0
2026-08-15 11:39:10,0.05,40.0,instantaneous_fallback,0.088,0.007,,0,0,-29.0,1,0.0,-28.6,normal_idle,0.0003,0.4,0.0,0.007,0.1408,0.0
2026-08-15 11:39:14,0.01,43.33,instantaneous_fallback,0.09,0.004,,0,0,-29.0,1,0.0,-28.8,normal_idle,0.0001,0.4333,0.0,0.004,0.1521,0.0
2026-08-15 11:39:18,0.0,40.0,instantaneous_fallback,0.079,0.01,,0,0,-29.0,1,0.0,-29.0,normal_idle,0.0,0.4,0.0,0.01,0.141,0.0
2026-08-15 11:39:26,0.03,40.0,instantaneous_fallback,0.053,0.004,,0,0,-30.0,1,-1.0,-29.2,normal_idle,0.0002,0.4,0.0,0.004,0.1405,0.0
2026-08-15 11:39:29,0.02,37.93,instantaneous_fallback,0.079,0.016,,0,0,-30.0,1,0.0,-29.4,normal_idle,0.0001,0.3793,0.0,0.016,0.1344,0.0
2026-08-15 11:39:33,0.01,40.63,neighbor_interpolated,0.08,0.012,,0,0,-30.0,1,0.0,-29.6,normal_idle,0.0001,0.4063,0.0,0.012,0.1434,0.0
2026-08-15 11:39:37,0.0,43.33,instantaneous_fallback,0.089,0.004,,0,0,-30.0,1,0.0,-29.8,normal_idle,0.0,0.4333,0.0,0.004,0.1521,0.0
2026-08-15 11:39:41,0.05,43.33,instantaneous_fallback,0.076,0.006,,0,0,-29.0,1,1.0,-29.8,normal_idle,0.0003,0.4333,0.0,0.006,0.1524,0.0
2026-08-15 11:41:21,0.0,40.0,instantaneous,0.056,0.011,,0,0,-28.0,1,0.0,-28.0,low_load,0.0,0.4,0.0,0.011,0.1411,0.0
2026-08-15 11:41:25,0.11,36.67,instantaneous_fallback,0.082,0.016,,0,0,-28.0,1,0.0,-28.0,low_load,0.0007,0.3667,0.0,0.016,0.1302,0.0
2026-08-15 11:41:29,17.65,46.67,instantaneous_fallback,0.094,0.008,,0,0,-25.0,1,3.0,-27.0,low_load,0.1177,0.4667,0.0,0.008,0.2053,1.0
2026-08-15 11:41:33,25.56,50.0,instantaneous_fallback,0.08,0.01,,0,0,-27.0,1,-2.0,-27.0,low_load,0.1704,0.5,0.0,0.01,0.2356,1.0
2026-08-15 11:41:37,25.82,56.67,instantaneous_fallback,0.084,0.011,,0,0,-22.0,1,5.0,-26.0,low_load,0.1721,0.5667,0.0,0.011,0.2597,1.0
2026-08-15 11:41:41,25.45,55.17,instantaneous_fallback,0.084,0.006,,0,0,-23.0,1,-1.0,-25.0,low_load,0.1697,0.5517,0.0,0.006,0.2531,1.0
2026-08-15 11:41:45,25.35,50.0,instantaneous_fallback,0.091,0.008,,0,0,-27.0,1,-4.0,-24.8,low_load,0.169,0.5,0.0,0.008,0.2349,1.0
2026-08-15 11:41:49,25.75,46.67,instantaneous_fallback,0.076,0.008,,0,0,-30.0,1,-3.0,-25.8,low_load,0.1717,0.4667,0.0,0.008,0.2242,1.0
2026-08-15 11:41:53,26.09,46.67,instantaneous_fallback,0.086,0.008,,0,0,-17.0,1,13.0,-23.8,low_load,0.1739,0.4667,0.0,0.008,0.225,1.0
2026-08-15 11:41:57,25.59,53.33,instantaneous_fallback,0.083,0.013,,0,0,-21.0,1,-4.0,-23.6,low_load,0.1706,0.5333,0.0,0.013,0.2477,1.0
2026-08-15 11:42:01,25.86,53.33,instantaneous_fallback,0.083,0.01,,0,0,-25.0,1,-4.0,-24.0,low_load,0.1724,0.5333,0.0,0.01,0.248,1.0
2026-08-15 11:42:05,25.69,53.33,instantaneous_fallback,0.078,0.008,,0,0,-19.0,1,6.0,-22.4,low_load,0.1713,0.5333,0.0,0.008,0.2474,1.0
2026-08-15 11:42:09,25.71,50.0,instantaneous_fallback,0.082,0.01,,0,0,-24.0,1,-5.0,-21.2,low_load,0.1714,0.5,0.0,0.01,0.236,1.0
2026-08-15 11:42:13,25.36,46.67,instantaneous_fallback,0.076,0.008,,0,0,-21.0,1,3.0,-22.0,low_load,0.1691,0.4667,0.0,0.008,0.2233,1.0
2026-08-15 11:42:18,25.62,46.67,instantaneous_fallback,0.089,0.001,,0,0,-25.0,1,-4.0,-22.8,low_load,0.1708,0.4667,0.0,0.001,0.2232,1.0
2026-08-15 11:42:22,25.84,50.0,instantaneous_fallback,0.119,0.055,,0,0,-20.0,1,5.0,-21.8,low_load,0.1723,0.5,0.0,0.055,0.2408,1.0
2026-08-15 11:42:26,25.62,50.0,instantaneous_fallback,0.085,0.012,,0,0,-24.0,1,-4.0,-22.8,low_load,0.1708,0.5,0.0,0.012,0.236,1.0
2026-08-15 11:42:30,25.58,53.33,instantaneous_fallback,0.083,0.009,,0,0,-23.0,1,1.0,-22.6,low_load,0.1705,0.5333,0.0,0.009,0.2472,1.0
2026-08-15 11:42:34,25.61,50.0,instantaneous_fallback,0.086,0.014,,0,0,-24.0,1,-1.0,-23.2,low_load,0.1707,0.5,0.0,0.014,0.2362,1.0
2026-08-15 11:42:38,25.73,46.67,instantaneous_fallback,0.085,0.006,,0,0,-26.0,1,-2.0,-23.4,low_load,0.1715,0.4667,0.0,0.006,0.224,1.0
2026-08-15 11:42:42,25.72,46.67,instantaneous_fallback,0.055,0.01,,0,0,-27.0,1,-1.0,-24.8,low_load,0.1715,0.4667,0.0,0.01,0.2244,1.0
2026-08-15 11:42:46,25.71,50.0,instantaneous_fallback,0.077,0.014,,0,0,-22.0,1,5.0,-24.4,low_load,0.1714,0.5,0.0,0.014,0.2364,1.0
2026-08-15 11:42:50,25.35,46.67,instantaneous_fallback,0.08,0.009,,0,0,-24.0,1,-2.0,-24.6,low_load,0.169,0.4667,0.0,0.009,0.2234,1.0
2026-08-15 11:42:54,25.91,53.33,instantaneous_fallback,0.084,0.012,,0,0,-26.0,1,-2.0,-25.0,low_load,0.1727,0.5333,0.0,0.012,0.2483,1.0
2026-08-15 11:42:58,25.54,62.07,instantaneous_fallback,0.083,0.008,,0,0,-19.0,1,7.0,-23.6,low_load,0.1703,0.6207,0.0,0.008,0.2776,1.0
2026-08-15 11:43:02,25.73,50.0,instantaneous_fallback,0.084,0.011,,0,0,-19.0,1,0.0,-22.0,low_load,0.1715,0.5,0.0,0.011,0.2361,1.0
2026-08-15 11:43:06,25.98,50.0,instantaneous_fallback,0.081,0.01,,0,0,-25.0,1,-6.0,-22.6,low_load,0.1732,0.5,0.0,0.01,0.2366,1.0
2026-08-15 11:43:10,25.7,50.0,instantaneous_fallback,0.081,0.01,,0,0,-23.0,1,2.0,-22.4,low_load,0.1713,0.5,0.0,0.01,0.236,1.0
2026-08-15 11:43:14,25.79,50.0,instantaneous_fallback,0.086,0.011,,0,0,-22.0,1,1.0,-21.6,low_load,0.1719,0.5,0.0,0.011,0.2363,1.0
2026-08-15 11:43:18,25.6,50.0,instantaneous_fallback,0.077,0.007,,0,0,-28.0,1,-6.0,-23.4,low_load,0.1707,0.5,0.0,0.007,0.2354,1.0
2026-08-15 11:43:22,25.63,46.67,instantaneous_fallback,0.08,0.01,,0,0,-23.0,1,5.0,-24.2,low_load,0.1709,0.4667,0.0,0.01,0.2241,1.0
2026-08-15 11:43:26,25.62,63.33,instantaneous_fallback,0.085,0.006,,0,0,-18.0,1,5.0,-22.8,low_load,0.1708,0.6333,0.0,0.006,0.282,1.0
2026-08-15 11:43:30,25.74,60.0,instantaneous_fallback,0.082,0.011,,0,0,-25.0,1,-7.0,-23.2,low_load,0.1716,0.6,0.0,0.011,0.2712,1.0
2026-08-15 11:43:34,25.51,44.83,instantaneous_fallback,0.085,0.011,,0,0,-27.0,1,-2.0,-24.2,low_load,0.1701,0.4483,0.0,0.011,0.2175,1.0
2026-08-15 11:43:38,25.62,47.41,neighbor_interpolated,0.083,0.015,,7,7,-18.0,1,9.0,-22.2,low_load,0.1708,0.4741,0.14,0.015,0.2552,1.0
2026-08-15 11:43:42,25.56,50.0,instantaneous_fallback,0.083,0.004,,0,0,-24.0,1,-6.0,-22.4,low_load,0.1704,0.5,0.0,0.004,0.235,1.0
2026-08-15 11:43:46,25.82,53.33,instantaneous_fallback,0.083,0.006,,0,0,-18.0,1,6.0,-22.4,low_load,0.1721,0.5333,0.0,0.006,0.2475,1.0
2026-08-15 11:43:50,25.63,50.0,instantaneous_fallback,0.073,0.009,,0,0,-18.0,1,0.0,-21.0,low_load,0.1709,0.5,0.0,0.009,0.2357,1.0
2026-08-15 11:43:54,25.64,55.17,instantaneous_fallback,0.087,0.002,,0,0,-18.0,1,0.0,-19.2,low_load,0.1709,0.5517,0.0,0.002,0.2531,1.0
2026-08-15 11:43:58,25.72,52.59,neighbor_interpolated,0.084,0.012,,0,0,-25.0,1,-7.0,-20.6,low_load,0.1715,0.5259,0.0,0.012,0.2453,1.0
2026-08-15 11:44:02,25.61,50.0,instantaneous_fallback,0.09,0.009,,0,0,-26.0,1,-1.0,-21.0,low_load,0.1707,0.5,0.0,0.009,0.2357,1.0
2026-08-15 11:44:06,25.56,50.0,instantaneous_fallback,0.088,0.007,,0,0,-25.0,1,1.0,-22.4,low_load,0.1704,0.5,0.0,0.007,0.2353,1.0
2026-08-15 11:44:10,25.53,50.0,instantaneous_fallback,0.079,0.01,,0,0,-21.0,1,4.0,-23.0,low_load,0.1702,0.5,0.0,0.01,0.2356,1.0
2026-08-15 11:44:14,25.74,56.67,instantaneous_fallback,0.086,0.013,,0,0,-19.0,1,2.0,-23.2,low_load,0.1716,0.5667,0.0,0.013,0.2597,1.0
2026-08-15 11:44:18,25.34,50.0,instantaneous_fallback,0.081,0.011,,0,0,-18.0,1,1.0,-21.8,low_load,0.1689,0.5,0.0,0.011,0.2352,1.0
2026-08-15 11:44:23,25.77,58.62,instantaneous_fallback,0.084,0.015,,0,0,-26.0,1,-8.0,-21.8,low_load,0.1718,0.5862,0.0,0.015,0.2668,1.0
2026-08-15 11:44:27,25.5,50.0,instantaneous_fallback,0.081,0.009,,0,0,-23.0,1,3.0,-21.4,low_load,0.17,0.5,0.0,0.009,0.2354,1.0
2026-08-15 11:44:31,26.0,50.0,instantaneous_fallback,0.057,0.009,,7,7,-26.0,1,-3.0,-22.4,low_load,0.1733,0.5,0.14,0.009,0.2646,1.0
2026-08-15 11:44:35,25.71,50.0,instantaneous_fallback,0.079,0.017,,0,0,-18.0,1,8.0,-22.2,low_load,0.1714,0.5,0.0,0.017,0.2367,1.0
2026-08-15 11:44:39,25.75,53.33,instantaneous_fallback,0.084,0.011,,0,0,-25.0,1,-7.0,-23.6,low_load,0.1717,0.5333,0.0,0.011,0.2478,1.0
2026-08-15 11:44:43,25.98,51.72,instantaneous_fallback,0.077,0.011,,0,0,-25.0,1,0.0,-23.4,low_load,0.1732,0.5172,0.0,0.011,0.2427,1.0
2026-08-15 11:44:47,25.21,52.52,neighbor_interpolated,0.091,0.003,,0,0,-24.0,1,1.0,-23.6,low_load,0.1681,0.5252,0.0,0.003,0.2429,1.0
2026-08-15 11:44:51,26.05,53.33,instantaneous_fallback,0.075,0.009,,0,0,-28.0,1,-4.0,-24.0,low_load,0.1737,0.5333,0.0,0.009,0.2483,1.0
2026-08-15 11:44:55,25.62,53.33,instantaneous_fallback,0.078,0.011,,0,0,-20.0,1,8.0,-24.4,low_load,0.1708,0.5333,0.0,0.011,0.2475,1.0
2026-08-15 11:44:59,25.27,55.17,instantaneous_fallback,0.085,0.009,,0,0,-28.0,1,-8.0,-25.0,low_load,0.1685,0.5517,0.0,0.009,0.253,1.0
2026-08-15 11:45:03,26.14,52.59,neighbor_interpolated,0.081,0.01,,0,0,-25.0,1,3.0,-25.0,low_load,0.1743,0.5259,0.0,0.01,0.2461,1.0
2026-08-15 11:45:07,25.65,50.0,instantaneous_fallback,0.093,0.004,,0,0,-25.0,1,0.0,-25.2,low_load,0.171,0.5,0.0,0.004,0.2352,1.0
2026-08-15 11:45:11,25.8,53.33,instantaneous_fallback,0.073,0.006,,0,0,-26.0,1,-1.0,-24.8,low_load,0.172,0.5333,0.0,0.006,0.2475,1.0
2026-08-15 11:45:15,25.62,53.33,instantaneous_fallback,0.084,0.009,,0,0,-22.0,1,4.0,-25.2,low_load,0.1708,0.5333,0.0,0.009,0.2473,1.0
2026-08-15 11:45:19,25.46,50.0,instantaneous_fallback,0.054,0.002,,0,0,-21.0,1,1.0,-23.8,low_load,0.1697,0.5,0.0,0.002,0.2346,1.0
2026-08-15 11:45:23,26.23,50.0,instantaneous_fallback,0.078,0.018,,0,0,-28.0,1,-7.0,-24.4,low_load,0.1749,0.5,0.0,0.018,0.238,1.0
2026-08-15 11:45:27,25.3,50.0,instantaneous_fallback,0.083,0.009,,0,0,-19.0,1,9.0,-23.2,low_load,0.1687,0.5,0.0,0.009,0.2349,1.0
2026-08-15 11:45:31,25.94,50.0,instantaneous_fallback,0.079,0.005,,0,0,-18.0,1,1.0,-21.6,low_load,0.1729,0.5,0.0,0.005,0.236,1.0
2026-08-15 11:45:35,25.7,50.0,instantaneous_fallback,0.062,0.008,,0,0,-21.0,1,-3.0,-21.4,low_load,0.1713,0.5,0.0,0.008,0.2358,1.0
2026-08-15 11:45:39,25.72,51.72,instantaneous_fallback,0.077,0.015,,0,0,-25.0,1,-4.0,-22.2,low_load,0.1715,0.5172,0.0,0.015,0.2425,1.0
2026-08-15 11:45:43,25.32,50.86,neighbor_interpolated,0.077,0.007,,0,0,-20.0,1,5.0,-20.6,low_load,0.1688,0.5086,0.0,0.007,0.2378,1.0
2026-08-15 11:45:47,25.84,50.0,instantaneous_fallback,0.055,0.001,,0,0,-23.0,1,-3.0,-21.4,low_load,0.1723,0.5,0.0,0.001,0.2354,1.0
2026-08-15 11:45:51,25.49,50.0,instantaneous_fallback,0.072,0.014,,0,0,-29.0,1,-6.0,-23.6,low_load,0.1699,0.5,0.0,0.014,0.2359,1.0
2026-08-15 11:45:55,25.49,53.33,instantaneous_fallback,0.08,0.005,,0,0,-25.0,1,4.0,-24.4,low_load,0.1699,0.5333,0.0,0.005,0.2466,1.0
2026-08-15 11:45:59,25.64,50.0,instantaneous_fallback,0.082,0.003,,0,0,-22.0,1,3.0,-23.8,low_load,0.1709,0.5,0.0,0.003,0.2351,1.0
2026-08-15 11:46:03,25.62,53.33,instantaneous_fallback,0.084,0.013,,0,0,-22.0,1,0.0,-24.2,low_load,0.1708,0.5333,0.0,0.013,0.2477,1.0
2026-08-15 11:46:07,25.73,50.0,instantaneous_fallback,0.082,0.012,,0,0,-25.0,1,-3.0,-24.6,low_load,0.1715,0.5,0.0,0.012,0.2362,1.0
2026-08-15 11:46:11,25.45,50.0,instantaneous_fallback,0.049,0.002,,0,0,-22.0,1,3.0,-23.2,low_load,0.1697,0.5,0.0,0.002,0.2346,1.0
2026-08-15 11:46:15,25.77,51.72,instantaneous_fallback,0.077,0.005,,0,0,-21.0,1,1.0,-22.4,low_load,0.1718,0.5172,0.0,0.005,0.2416,1.0
2026-08-15 11:46:19,26.01,49.2,neighbor_interpolated,0.081,0.011,,0,0,-18.0,1,3.0,-21.6,low_load,0.1734,0.492,0.0,0.011,0.234,1.0
2026-08-15 11:46:23,25.67,46.67,instantaneous_fallback,0.078,0.006,,0,0,-22.0,1,-4.0,-21.6,low_load,0.1711,0.4667,0.0,0.006,0.2238,1.0
2026-08-15 11:46:27,25.71,46.67,instantaneous_fallback,0.084,0.009,,0,0,-27.0,1,-5.0,-22.0,low_load,0.1714,0.4667,0.0,0.009,0.2242,1.0
2026-08-15 11:46:31,25.68,46.67,instantaneous_fallback,0.08,0.014,,0,0,-26.0,1,1.0,-22.8,low_load,0.1712,0.4667,0.0,0.014,0.2247,1.0
2026-08-15 11:46:35,25.46,46.67,instantaneous_fallback,0.085,0.007,,0,0,-28.0,1,-2.0,-24.2,low_load,0.1697,0.4667,0.0,0.007,0.2235,1.0
2026-08-15 11:46:39,25.67,46.67,instantaneous_fallback,0.063,0.005,,0,0,-29.0,1,-1.0,-26.4,low_load,0.1711,0.4667,0.0,0.005,0.2237,1.0
2026-08-15 11:46:44,25.56,50.0,instantaneous_fallback,0.083,0.007,,0,0,-26.0,1,3.0,-27.2,low_load,0.1704,0.5,0.0,0.007,0.2353,1.0
2026-08-15 11:46:48,25.87,46.67,instantaneous_fallback,0.078,0.01,,0,0,-29.0,1,-3.0,-27.6,low_load,0.1725,0.4667,0.0,0.01,0.2247,1.0
2026-08-15 11:46:52,25.41,46.67,instantaneous_fallback,0.08,0.008,,0,0,-29.0,1,0.0,-28.2,low_load,0.1694,0.4667,0.0,0.008,0.2234,1.0
2026-08-15 11:46:56,25.62,43.33,instantaneous_fallback,0.083,0.007,,0,0,-24.0,1,5.0,-27.4,low_load,0.1708,0.4333,0.0,0.007,0.2121,1.0
2026-08-15 11:47:00,25.6,48.28,instantaneous_fallback,0.082,0.008,,0,0,-23.0,1,1.0,-26.2,low_load,0.1707,0.4828,0.0,0.008,0.2295,1.0
2026-08-15 11:47:04,25.38,48.28,neighbor_interpolated,0.079,0.01,,0,0,-27.0,1,-4.0,-26.4,low_load,0.1692,0.4828,0.0,0.01,0.2292,1.0
2026-08-15 11:47:08,25.6,48.28,instantaneous_fallback,0.082,0.008,,0,0,-23.0,1,4.0,-25.2,low_load,0.1707,0.4828,0.0,0.008,0.2295,1.0
2026-08-15 11:47:12,25.7,47.48,neighbor_interpolated,0.085,0.002,,0,0,-22.0,1,1.0,-23.8,low_load,0.1713,0.4748,0.0,0.002,0.2263,1.0
2026-08-15 11:47:16,25.63,46.67,instantaneous_fallback,0.082,0.009,,0,0,-28.0,1,-6.0,-24.6,low_load,0.1709,0.4667,0.0,0.009,0.224,1.0
2026-08-15 11:47:20,25.65,50.0,instantaneous_fallback,0.084,0.013,,0,0,-20.0,1,8.0,-24.0,low_load,0.171,0.5,0.0,0.013,0.2361,1.0
2026-08-15 11:47:24,25.54,53.33,instantaneous_fallback,0.089,0.002,,0,0,-29.0,1,-9.0,-24.4,low_load,0.1703,0.5333,0.0,0.002,0.2464,1.0
2026-08-15 11:47:28,25.86,50.0,instantaneous_fallback,0.084,0.01,,0,0,-17.0,1,12.0,-23.2,low_load,0.1724,0.5,0.0,0.01,0.2363,1.0
2026-08-15 11:47:32,25.51,46.67,instantaneous_fallback,0.084,0.01,,0,0,-22.0,1,-5.0,-23.2,low_load,0.1701,0.4667,0.0,0.01,0.2239,1.0
2026-08-15 11:47:36,25.87,50.0,instantaneous_fallback,0.082,0.011,,0,0,-25.0,1,-3.0,-22.6,low_load,0.1725,0.5,0.0,0.011,0.2365,1.0
2026-08-15 11:47:40,25.99,46.67,instantaneous_fallback,0.079,0.011,,0,0,-28.0,1,-3.0,-24.2,low_load,0.1733,0.4667,0.0,0.011,0.2251,1.0
2026-08-15 11:47:44,25.41,46.67,instantaneous_fallback,0.08,0.012,,0,0,-20.0,1,8.0,-22.4,low_load,0.1694,0.4667,0.0,0.012,0.2238,1.0
2026-08-15 11:47:48,25.48,50.0,instantaneous_fallback,0.074,0.004,,0,0,-27.0,1,-7.0,-24.4,low_load,0.1699,0.5,0.0,0.004,0.2349,1.0
2026-08-15 11:47:52,25.56,46.67,instantaneous_fallback,0.081,0.009,,0,0,-25.0,1,2.0,-25.0,low_load,0.1704,0.4667,0.0,0.009,0.2239,1.0
2026-08-15 11:47:56,25.61,46.67,instantaneous_fallback,0.085,0.013,,0,0,-29.0,1,-4.0,-25.8,low_load,0.1707,0.4667,0.0,0.013,0.2244,1.0
2026-08-15 11:48:00,25.8,50.0,instantaneous_fallback,0.082,0.013,,0,0,-23.0,1,6.0,-24.8,low_load,0.172,0.5,0.0,0.013,0.2365,1.0
2026-08-15 11:48:04,25.56,50.0,instantaneous_fallback,0.088,0.002,,0,0,-21.0,1,2.0,-25.0,low_load,0.1704,0.5,0.0,0.002,0.2348,1.0
2026-08-15 11:48:08,25.82,46.67,instantaneous_fallback,0.092,0.007,,0,0,-18.0,1,3.0,-23.2,low_load,0.1721,0.4667,0.0,0.007,0.2243,1.0
2026-08-15 11:48:12,25.42,46.67,instantaneous_fallback,0.084,0.013,,4,4,-21.0,1,-3.0,-22.4,low_load,0.1695,0.4667,0.08,0.013,0.24,1.0
2026-08-15 11:48:16,25.55,46.67,instantaneous_fallback,0.09,0.011,,0,0,-21.0,1,0.0,-20.8,low_load,0.1703,0.4667,0.0,0.011,0.2241,1.0
2026-08-15 11:48:20,25.55,50.0,instantaneous_fallback,0.09,0.024,,0,0,-21.0,1,0.0,-20.4,low_load,0.1703,0.5,0.0,0.024,0.237,1.0
2026-08-15 11:48:24,25.48,50.0,instantaneous_fallback,0.077,0.011,,0,0,-21.0,1,0.0,-20.4,low_load,0.1699,0.5,0.0,0.011,0.2356,1.0
2026-08-15 11:48:28,25.56,50.0,instantaneous_fallback,0.088,0.003,,0,0,-21.0,1,0.0,-21.0,low_load,0.1704,0.5,0.0,0.003,0.2349,1.0
2026-08-15 11:48:32,25.51,50.0,instantaneous_fallback,0.083,0.006,,0,0,-21.0,1,0.0,-21.0,low_load,0.1701,0.5,0.0,0.006,0.2351,1.0
2026-08-15 11:48:36,25.59,46.67,instantaneous_fallback,0.083,0.005,,0,0,-23.0,1,-2.0,-21.4,low_load,0.1706,0.4667,0.0,0.005,0.2236,1.0
2026-08-15 11:48:40,25.11,50.0,instantaneous_fallback,0.083,0.005,,0,0,-24.0,1,-1.0,-22.0,low_load,0.1674,0.5,0.0,0.005,0.2341,1.0
2026-08-15 11:48:44,26.09,53.33,instantaneous_fallback,0.08,0.011,,0,0,-25.0,1,-1.0,-22.8,low_load,0.1739,0.5333,0.0,0.011,0.2486,1.0
2026-08-15 11:48:48,25.6,50.0,instantaneous_fallback,0.083,0.011,,0,0,-21.0,1,4.0,-22.8,low_load,0.1707,0.5,0.0,0.011,0.2358,1.0
2026-08-15 11:48:53,25.7,51.72,instantaneous_fallback,0.082,0.006,,0,0,-21.0,1,0.0,-22.8,low_load,0.1713,0.5172,0.0,0.006,0.2416,1.0
2026-08-15 11:48:57,25.68,50.86,neighbor_interpolated,0.079,0.008,,0,0,-21.0,1,0.0,-22.4,low_load,0.1712,0.5086,0.0,0.008,0.2387,1.0
2026-08-15 11:49:01,25.52,50.0,instantaneous_fallback,0.084,0.009,,0,0,-24.0,1,-3.0,-22.4,low_load,0.1701,0.5,0.0,0.009,0.2354,1.0
2026-08-15 11:49:05,25.59,50.0,instantaneous_fallback,0.081,0.007,,0,0,-21.0,1,3.0,-21.6,low_load,0.1706,0.5,0.0,0.007,0.2354,1.0
2026-08-15 11:49:09,25.59,50.0,instantaneous_fallback,0.085,0.009,,0,0,-21.0,1,0.0,-21.6,low_load,0.1706,0.5,0.0,0.009,0.2356,1.0
2026-08-15 11:49:13,25.68,50.0,instantaneous_fallback,0.083,0.006,,0,0,-21.0,1,0.0,-21.6,low_load,0.1712,0.5,0.0,0.006,0.2355,1.0
2026-08-15 11:49:17,25.68,56.67,instantaneous_fallback,0.072,0.01,,0,0,-21.0,1,0.0,-21.6,low_load,0.1712,0.5667,0.0,0.01,0.2593,1.0
2026-08-15 11:49:21,25.72,53.33,instantaneous_fallback,0.079,0.009,,0,0,-21.0,1,0.0,-21.0,low_load,0.1715,0.5333,0.0,0.009,0.2476,1.0
2026-08-15 11:49:43,0.0,40.0,instantaneous,0.053,0.012,,0,0,-18.0,1,0.0,-18.0,medium_load,0.0,0.4,0.0,0.012,0.1412,0.0
2026-08-15 11:49:47,0.09,40.0,instantaneous_fallback,0.089,0.008,,0,0,-19.0,1,-1.0,-18.5,medium_load,0.0006,0.4,0.0,0.008,0.141,0.0
2026-08-15 11:49:51,0.06,36.67,instantaneous_fallback,0.075,0.005,,0,0,-19.0,1,0.0,-18.67,medium_load,0.0004,0.3667,0.0,0.005,0.129,0.0
2026-08-15 11:49:54,41.6,56.67,instantaneous_fallback,0.085,0.01,,0,0,-22.0,1,-3.0,-19.5,medium_load,0.2773,0.5667,0.0,0.01,0.2964,1.0
2026-08-15 11:49:59,51.53,83.33,instantaneous_fallback,0.081,0.009,,0,0,-23.0,1,-1.0,-20.2,medium_load,0.3435,0.8333,0.0,0.009,0.4128,2.0
2026-08-15 11:50:03,51.19,70.0,instantaneous_fallback,0.076,0.008,,0,0,-20.0,1,3.0,-20.6,medium_load,0.3413,0.7,0.0,0.008,0.3652,2.0
2026-08-15 11:50:07,50.81,60.0,instantaneous_fallback,0.07,0.006,,0,0,-23.0,1,-3.0,-21.4,medium_load,0.3387,0.6,0.0,0.006,0.3292,1.0
2026-08-15 11:50:11,51.76,60.0,instantaneous_fallback,0.089,0.004,,0,0,-26.0,1,-3.0,-22.8,medium_load,0.3451,0.6,0.0,0.004,0.3312,1.0
2026-08-15 11:50:15,51.0,62.07,instantaneous_fallback,0.076,0.006,,0,0,-21.0,1,5.0,-22.6,medium_load,0.34,0.6207,0.0,0.006,0.3368,1.0
2026-08-15 11:50:19,51.5,62.07,instantaneous_fallback,0.083,0.009,,0,0,-21.0,1,0.0,-22.2,medium_load,0.3433,0.6207,0.0,0.009,0.3383,1.0
2026-08-15 11:50:23,51.08,62.7,neighbor_interpolated,0.078,0.005,,0,0,-28.0,1,-7.0,-23.8,medium_load,0.3405,0.627,0.0,0.005,0.3391,1.0
2026-08-15 11:50:27,51.26,63.33,instantaneous_fallback,0.081,0.005,,0,0,-24.0,1,4.0,-24.0,medium_load,0.3417,0.6333,0.0,0.005,0.3418,1.0
2026-08-15 11:50:31,51.24,63.33,instantaneous_fallback,0.078,0.008,,0,0,-19.0,1,5.0,-22.6,medium_load,0.3416,0.6333,0.0,0.008,0.342,1.0
2026-08-15 11:50:35,51.42,63.33,instantaneous_fallback,0.079,0.003,,0,0,-29.0,1,-10.0,-24.2,medium_load,0.3428,0.6333,0.0,0.003,0.3419,1.0
2026-08-15 11:50:39,51.74,62.07,instantaneous_fallback,0.074,0.007,,0,0,-24.0,1,5.0,-24.8,medium_load,0.3449,0.6207,0.0,0.007,0.3387,1.0
2026-08-15 11:50:43,51.23,61.03,neighbor_interpolated,0.077,0.009,,4,4,-29.0,1,-5.0,-25.0,medium_load,0.3415,0.6103,0.08,0.009,0.35,2.0
2026-08-15 11:50:47,50.89,60.0,instantaneous_fallback,0.075,0.006,,0,0,-28.0,1,1.0,-25.8,medium_load,0.3393,0.6,0.0,0.006,0.3293,1.0
2026-08-15 11:50:51,51.49,63.33,instantaneous_fallback,0.078,0.01,,0,0,-25.0,1,3.0,-27.0,medium_load,0.3433,0.6333,0.0,0.01,0.3428,1.0
2026-08-15 11:50:55,51.23,66.67,instantaneous_fallback,0.075,0.007,,0,0,-22.0,1,3.0,-25.6,medium_load,0.3415,0.6667,0.0,0.007,0.3536,2.0
2026-08-15 11:51:00,51.35,66.67,instantaneous_fallback,0.082,0.005,,0,0,-23.0,1,-1.0,-25.4,medium_load,0.3423,0.6667,0.0,0.005,0.3537,2.0
2026-08-15 11:51:04,51.28,62.07,instantaneous_fallback,0.075,0.007,,0,0,-24.0,1,-1.0,-24.4,medium_load,0.3419,0.6207,0.0,0.007,0.3376,1.0
2026-08-15 11:51:08,51.01,64.37,neighbor_interpolated,0.076,0.007,,0,0,-28.0,1,-4.0,-24.4,medium_load,0.3401,0.6437,0.0,0.007,0.345,1.0
2026-08-15 11:51:12,50.83,66.67,instantaneous_fallback,0.079,0.01,,0,0,-20.0,1,8.0,-23.4,medium_load,0.3389,0.6667,0.0,0.01,0.3529,2.0
2026-08-15 11:51:16,51.47,63.33,instantaneous_fallback,0.079,0.009,,0,0,-25.0,1,-5.0,-24.0,medium_load,0.3431,0.6333,0.0,0.009,0.3427,1.0
2026-08-15 11:51:20,51.36,63.33,instantaneous_fallback,0.082,0.008,,0,0,-25.0,1,0.0,-24.4,medium_load,0.3424,0.6333,0.0,0.008,0.3423,1.0
2026-08-15 11:51:24,50.97,63.33,instantaneous_fallback,0.079,0.008,,0,0,-21.0,1,4.0,-23.8,medium_load,0.3398,0.6333,0.0,0.008,0.3414,1.0
2026-08-15 11:51:28,50.82,65.52,instantaneous_fallback,0.075,0.008,,0,0,-25.0,1,-4.0,-23.2,medium_load,0.3388,0.6552,0.0,0.008,0.3487,1.0
2026-08-15 11:51:32,51.85,65.52,instantaneous_fallback,0.079,0.007,,0,0,-25.0,1,0.0,-24.2,medium_load,0.3457,0.6552,0.0,0.007,0.351,2.0
2026-08-15 11:51:36,51.46,64.42,neighbor_interpolated,0.076,0.008,,0,0,-24.0,1,1.0,-24.0,medium_load,0.3431,0.6442,0.0,0.008,0.3463,1.0
2026-08-15 11:51:40,51.39,63.33,instantaneous_fallback,0.079,0.009,,0,0,-19.0,1,5.0,-22.8,medium_load,0.3426,0.6333,0.0,0.009,0.3425,1.0
2026-08-15 11:51:44,51.06,66.67,instantaneous_fallback,0.079,0.009,,0,0,-24.0,1,-5.0,-23.4,medium_load,0.3404,0.6667,0.0,0.009,0.3534,2.0
2026-08-15 11:51:48,50.82,63.33,instantaneous_fallback,0.085,0.006,,0,0,-25.0,1,-1.0,-23.4,medium_load,0.3388,0.6333,0.0,0.006,0.3408,1.0
2026-08-15 11:51:52,51.58,63.33,instantaneous_fallback,0.072,0.008,,0,0,-25.0,1,0.0,-23.4,medium_load,0.3439,0.6333,0.0,0.008,0.3428,1.0
2026-08-15 11:51:56,51.56,65.52,instantaneous_fallback,0.078,0.008,,0,0,-22.0,1,3.0,-23.0,medium_load,0.3437,0.6552,0.0,0.008,0.3504,2.0
2026-08-15 11:52:00,51.38,64.42,neighbor_interpolated,0.076,0.005,,0,0,-24.0,1,-2.0,-24.0,medium_load,0.3425,0.6442,0.0,0.005,0.3459,1.0
2026-08-15 11:52:04,50.92,63.33,instantaneous_fallback,0.079,0.001,,0,0,-29.0,1,-5.0,-25.0,medium_load,0.3395,0.6333,0.0,0.001,0.3406,1.0
2026-08-15 11:52:08,51.23,63.33,instantaneous_fallback,0.077,0.009,,0,0,-23.0,1,6.0,-24.6,medium_load,0.3415,0.6333,0.0,0.009,0.3421,1.0
2026-08-15 11:52:13,51.43,63.33,instantaneous_fallback,0.085,0.004,,0,0,-28.0,1,-5.0,-25.2,medium_load,0.3429,0.6333,0.0,0.004,0.3421,1.0
2026-08-15 11:52:17,50.71,66.67,instantaneous_fallback,0.078,0.006,,0,0,-28.0,1,0.0,-26.4,medium_load,0.3381,0.6667,0.0,0.006,0.3523,2.0
2026-08-15 11:52:21,51.25,63.33,instantaneous_fallback,0.074,0.007,,0,0,-27.0,1,1.0,-27.0,medium_load,0.3417,0.6333,0.0,0.007,0.3419,1.0
2026-08-15 11:52:25,51.8,63.33,instantaneous_fallback,0.083,0.0,,0,0,-20.0,1,7.0,-25.2,medium_load,0.3453,0.6333,0.0,0.0,0.3425,1.0
2026-08-15 11:52:29,51.11,63.33,instantaneous_fallback,0.081,0.003,,0,0,-22.0,1,-2.0,-25.0,medium_load,0.3407,0.6333,0.0,0.003,0.3412,1.0
2026-08-15 11:52:33,51.25,63.33,instantaneous_fallback,0.083,0.008,,0,0,-25.0,1,-3.0,-24.4,medium_load,0.3417,0.6333,0.0,0.008,0.342,1.0
2026-08-15 11:52:37,50.97,65.52,instantaneous_fallback,0.078,0.005,,0,0,-29.0,1,-4.0,-24.6,medium_load,0.3398,0.6552,0.0,0.005,0.3488,1.0
2026-08-15 11:52:41,50.9,62.76,neighbor_interpolated,0.073,0.008,,0,0,-25.0,1,4.0,-24.2,medium_load,0.3393,0.6276,0.0,0.008,0.3392,1.0
2026-08-15 11:52:45,51.2,60.0,instantaneous_fallback,0.077,0.0,,0,0,-25.0,1,0.0,-25.2,medium_load,0.3413,0.6,0.0,0.0,0.3295,1.0
2026-08-15 11:52:49,51.96,62.07,instantaneous_fallback,0.087,0.007,,0,0,-25.0,1,0.0,-25.8,medium_load,0.3464,0.6207,0.0,0.007,0.3392,1.0
2026-08-15 11:52:53,51.28,61.03,neighbor_interpolated,0.075,0.009,,0,0,-19.0,1,6.0,-24.6,medium_load,0.3419,0.6103,0.0,0.009,0.3342,1.0
2026-08-15 11:52:57,51.45,60.0,instantaneous_fallback,0.075,0.008,,0,0,-25.0,1,-6.0,-23.8,medium_load,0.343,0.6,0.0,0.008,0.3309,1.0
2026-08-15 11:53:01,51.07,72.41,instantaneous_fallback,0.077,0.005,,0,0,-17.0,1,8.0,-22.2,medium_load,0.3405,0.7241,0.0,0.005,0.3731,2.0
2026-08-15 11:53:05,51.49,65.52,instantaneous_fallback,0.079,0.012,,0,0,-18.0,1,-1.0,-20.8,medium_load,0.3433,0.6552,0.0,0.012,0.3507,2.0
2026-08-15 11:53:09,51.16,67.76,neighbor_interpolated,0.076,0.005,,0,0,-29.0,1,-11.0,-21.6,medium_load,0.3411,0.6776,0.0,0.005,0.357,2.0
2026-08-15 11:53:13,51.27,70.0,instantaneous_fallback,0.08,0.008,,0,0,-27.0,1,2.0,-23.2,medium_load,0.3418,0.7,0.0,0.008,0.3654,2.0
2026-08-15 11:53:17,51.77,60.0,instantaneous_fallback,0.077,0.007,,0,0,-27.0,1,0.0,-23.6,medium_load,0.3451,0.6,0.0,0.007,0.3315,1.0
2026-08-15 11:53:21,51.11,63.33,instantaneous_fallback,0.082,0.002,,0,0,-24.0,1,3.0,-25.0,medium_load,0.3407,0.6333,0.0,0.002,0.3411,1.0
2026-08-15 11:53:25,51.23,60.0,instantaneous_fallback,0.075,0.006,,0,0,-27.0,1,-3.0,-26.8,medium_load,0.3415,0.6,0.0,0.006,0.3301,1.0
2026-08-15 11:53:29,51.25,60.0,instantaneous_fallback,0.072,0.008,,0,0,-28.0,1,-1.0,-26.6,medium_load,0.3417,0.6,0.0,0.008,0.3304,1.0
2026-08-15 11:53:34,51.21,62.07,instantaneous_fallback,0.077,0.008,,0,0,-29.0,1,-1.0,-27.0,medium_load,0.3414,0.6207,0.0,0.008,0.3375,1.0
2026-08-15 11:53:38,51.52,62.07,neighbor_interpolated,0.081,0.003,,0,0,-29.0,1,0.0,-27.4,medium_load,0.3435,0.6207,0.0,0.003,0.3378,1.0
2026-08-15 11:53:42,51.61,62.07,instantaneous_fallback,0.075,0.006,,0,0,-20.0,1,9.0,-26.6,medium_load,0.3441,0.6207,0.0,0.006,0.3383,1.0
2026-08-15 11:53:46,50.84,62.7,neighbor_interpolated,0.082,0.005,,0,0,-20.0,1,0.0,-25.2,medium_load,0.3389,0.627,0.0,0.005,0.3386,1.0
2026-08-15 11:53:50,51.8,63.33,instantaneous_fallback,0.075,0.006,,0,0,-23.0,1,-3.0,-24.2,medium_load,0.3453,0.6333,0.0,0.006,0.3431,1.0
2026-08-15 11:53:54,50.99,63.33,instantaneous_fallback,0.071,0.006,,0,0,-28.0,1,-5.0,-24.0,medium_load,0.3399,0.6333,0.0,0.006,0.3412,1.0
2026-08-15 11:53:58,51.43,65.52,instantaneous_fallback,0.061,0.007,,0,0,-21.0,1,7.0,-22.4,medium_load,0.3429,0.6552,0.0,0.007,0.35,2.0
2026-08-15 11:54:02,51.32,56.67,instantaneous_fallback,0.078,0.011,,0,0,-30.0,1,-9.0,-24.4,medium_load,0.3421,0.5667,0.0,0.011,0.3192,1.0
2026-08-15 11:54:06,51.24,63.33,instantaneous_fallback,0.083,0.008,,3,3,-20.0,1,10.0,-24.4,medium_load,0.3416,0.6333,0.06,0.008,0.354,2.0
2026-08-15 11:54:10,51.05,65.52,instantaneous_fallback,0.051,0.003,,0,0,-21.0,1,-1.0,-24.0,medium_load,0.3403,0.6552,0.0,0.003,0.3487,1.0
2026-08-15 11:54:14,51.26,65.52,neighbor_interpolated,0.072,0.01,,0,0,-21.0,1,0.0,-22.6,medium_load,0.3417,0.6552,0.0,0.01,0.3499,1.0
2026-08-15 11:54:18,51.14,65.52,instantaneous_fallback,0.075,0.01,,0,0,-19.0,1,2.0,-22.2,medium_load,0.3409,0.6552,0.0,0.01,0.3496,1.0
2026-08-15 11:54:22,51.21,60.0,instantaneous_fallback,0.086,0.003,,0,0,-23.0,1,-4.0,-20.8,medium_load,0.3414,0.6,0.0,0.003,0.3298,1.0
2026-08-15 11:54:26,51.52,63.33,instantaneous_fallback,0.075,0.005,,0,0,-27.0,1,-4.0,-22.2,medium_load,0.3435,0.6333,0.0,0.005,0.3424,1.0
2026-08-15 11:54:30,51.45,60.0,instantaneous_fallback,0.078,0.008,,0,0,-19.0,1,8.0,-21.8,medium_load,0.343,0.6,0.0,0.008,0.3309,1.0
2026-08-15 11:54:34,51.21,63.33,instantaneous_fallback,0.075,0.004,,0,0,-25.0,1,-6.0,-22.6,medium_load,0.3414,0.6333,0.0,0.004,0.3415,1.0
2026-08-15 11:54:38,51.23,63.33,instantaneous_fallback,0.088,0.01,,0,0,-28.0,1,-3.0,-24.4,medium_load,0.3415,0.6333,0.0,0.01,0.3422,1.0
2026-08-15 11:54:42,51.12,60.0,instantaneous_fallback,0.073,0.005,,0,0,-26.0,1,2.0,-25.0,medium_load,0.3408,0.6,0.0,0.005,0.3298,1.0
2026-08-15 11:54:46,50.94,63.33,instantaneous_fallback,0.082,0.007,,2,2,-19.0,1,7.0,-23.4,medium_load,0.3396,0.6333,0.04,0.007,0.3492,1.0
2026-08-15 11:54:50,51.4,63.33,instantaneous_fallback,0.074,0.009,,0,0,-20.0,1,-1.0,-23.6,medium_load,0.3427,0.6333,0.0,0.009,0.3425,1.0
2026-08-15 11:54:54,51.03,63.33,instantaneous_fallback,0.072,0.007,,0,0,-29.0,1,-9.0,-24.4,medium_load,0.3402,0.6333,0.0,0.007,0.3414,1.0
2026-08-15 11:54:58,51.97,63.33,instantaneous_fallback,0.082,0.007,,0,0,-22.0,1,7.0,-23.2,medium_load,0.3465,0.6333,0.0,0.007,0.3436,1.0
2026-08-15 11:55:02,50.94,63.33,instantaneous_fallback,0.072,0.007,,0,0,-27.0,1,-5.0,-23.4,medium_load,0.3396,0.6333,0.0,0.007,0.3412,1.0
2026-08-15 11:55:06,50.86,63.33,instantaneous_fallback,0.081,0.009,,0,0,-24.0,1,3.0,-24.4,medium_load,0.3391,0.6333,0.0,0.009,0.3412,1.0
2026-08-15 11:55:11,42.44,63.33,instantaneous_fallback,0.074,0.007,,0,0,-19.0,1,5.0,-24.2,medium_load,0.2829,0.6333,0.0,0.007,0.3214,1.0
2026-08-15 11:55:15,59.93,60.0,instantaneous_fallback,0.075,0.008,,0,0,-30.0,1,-11.0,-24.4,medium_load,0.3995,0.6,0.0,0.008,0.3506,2.0
2026-08-15 11:55:19,51.23,60.0,instantaneous_fallback,0.078,0.009,,0,0,-30.0,1,0.0,-26.0,medium_load,0.3415,0.6,0.0,0.009,0.3304,1.0
2026-08-15 11:55:23,51.46,62.07,instantaneous_fallback,0.075,0.007,,0,0,-23.0,1,7.0,-25.2,medium_load,0.3431,0.6207,0.0,0.007,0.338,1.0
2026-08-15 11:55:27,51.25,61.03,neighbor_interpolated,0.074,0.006,,0,0,-30.0,1,-7.0,-26.4,medium_load,0.3417,0.6103,0.0,0.006,0.3338,1.0
2026-08-15 11:55:31,50.85,60.0,instantaneous_fallback,0.08,0.007,,0,0,-19.0,1,11.0,-26.4,medium_load,0.339,0.6,0.0,0.007,0.3293,1.0
2026-08-15 11:55:35,51.29,62.07,instantaneous_fallback,0.08,0.011,,0,0,-30.0,1,-11.0,-26.4,medium_load,0.3419,0.6207,0.0,0.011,0.338,1.0
2026-08-15 11:55:39,51.27,56.67,instantaneous_fallback,0.072,0.007,,0,0,-27.0,1,3.0,-25.8,medium_load,0.3418,0.5667,0.0,0.007,0.3187,1.0
2026-08-15 11:55:43,51.65,63.33,instantaneous_fallback,0.077,0.009,,0,0,-29.0,1,-2.0,-27.0,medium_load,0.3443,0.6333,0.0,0.009,0.3431,1.0
2026-08-15 11:55:47,51.25,60.0,instantaneous_fallback,0.076,0.007,,0,0,-24.0,1,5.0,-25.8,medium_load,0.3417,0.6,0.0,0.007,0.3303,1.0
2026-08-15 11:55:51,51.28,65.52,instantaneous_fallback,0.077,0.008,,0,0,-23.0,1,1.0,-26.6,medium_load,0.3419,0.6552,0.0,0.008,0.3498,1.0
2026-08-15 11:55:55,51.44,63.8,neighbor_interpolated,0.08,0.01,,0,0,-25.0,1,-2.0,-25.6,medium_load,0.3429,0.638,0.0,0.01,0.3443,1.0
2026-08-15 11:55:59,51.04,62.07,instantaneous_fallback,0.075,0.008,,0,0,-26.0,1,-1.0,-25.4,medium_load,0.3403,0.6207,0.0,0.008,0.3371,1.0
2026-08-15 11:56:03,51.82,69.37,neighbor_interpolated,0.074,0.008,,0,0,-19.0,1,7.0,-23.4,medium_load,0.3455,0.6937,0.0,0.008,0.3645,2.0
2026-08-15 11:56:07,51.27,76.67,instantaneous_fallback,0.101,0.035,,0,0,-21.0,1,-2.0,-22.8,medium_load,0.3418,0.7667,0.0,0.035,0.3915,2.0
2026-08-15 11:56:11,51.26,60.0,instantaneous_fallback,0.077,0.011,,0,0,-19.0,1,2.0,-22.0,medium_load,0.3417,0.6,0.0,0.011,0.3307,1.0
2026-08-15 11:56:15,51.62,60.0,instantaneous_fallback,0.076,0.007,,0,0,-30.0,1,-11.0,-23.0,medium_load,0.3441,0.6,0.0,0.007,0.3311,1.0
2026-08-15 11:56:19,51.2,63.33,instantaneous_fallback,0.088,0.004,,0,0,-22.0,1,8.0,-22.2,medium_load,0.3413,0.6333,0.0,0.004,0.3415,1.0
2026-08-15 11:56:23,51.01,66.67,instantaneous_fallback,0.081,0.007,,0,0,-18.0,1,4.0,-22.0,medium_load,0.3401,0.6667,0.0,0.007,0.3531,2.0
2026-08-15 11:56:28,51.36,63.33,instantaneous_fallback,0.074,0.009,,0,0,-18.0,1,0.0,-21.4,medium_load,0.3424,0.6333,0.0,0.009,0.3424,1.0
2026-08-15 11:56:32,51.03,63.33,instantaneous_fallback,0.103,0.052,,0,0,-30.0,1,-12.0,-23.6,medium_load,0.3402,0.6333,0.0,0.052,0.3459,1.0
2026-08-15 11:56:36,50.8,60.0,instantaneous_fallback,0.087,0.013,,0,0,-27.0,1,3.0,-23.0,medium_load,0.3387,0.6,0.0,0.013,0.3298,1.0
2026-08-15 11:56:40,51.45,60.0,instantaneous_fallback,0.077,0.004,,0,0,-29.0,1,-2.0,-24.4,medium_load,0.343,0.6,0.0,0.004,0.3305,1.0
2026-08-15 11:56:44,51.37,60.0,instantaneous_fallback,0.079,0.006,,0,0,-20.0,1,9.0,-24.8,medium_load,0.3425,0.6,0.0,0.006,0.3305,1.0
2026-08-15 11:56:48,41.42,53.33,instantaneous_fallback,0.076,0.012,,0,0,-28.0,1,-8.0,-26.8,medium_load,0.2761,0.5333,0.0,0.012,0.2845,1.0
2026-08-15 11:56:52,60.79,80.0,instantaneous_fallback,0.082,0.001,,0,0,-20.0,1,8.0,-24.8,medium_load,0.4053,0.8,0.0,0.001,0.4219,2.0
2026-08-15 11:56:56,51.21,60.0,instantaneous_fallback,0.073,0.007,,0,0,-23.0,1,-3.0,-24.0,medium_load,0.3414,0.6,0.0,0.007,0.3302,1.0
2026-08-15 11:57:00,51.54,62.07,instantaneous_fallback,0.052,0.007,,0,0,-26.0,1,-3.0,-23.4,medium_load,0.3436,0.6207,0.0,0.007,0.3382,1.0
2026-08-15 11:57:04,51.37,62.07,instantaneous_fallback,0.07,0.011,,0,0,-29.0,1,-3.0,-25.2,medium_load,0.3425,0.6207,0.0,0.011,0.3382,1.0
2026-08-15 11:57:08,51.52,62.7,neighbor_interpolated,0.075,0.006,,0,0,-26.0,1,3.0,-24.8,medium_load,0.3435,0.627,0.0,0.006,0.3403,1.0
2026-08-15 11:57:12,51.06,63.33,instantaneous_fallback,0.102,0.034,,2,2,-20.0,1,6.0,-24.8,medium_load,0.3404,0.6333,0.04,0.034,0.3522,2.0
2026-08-15 11:57:16,51.1,63.33,instantaneous_fallback,0.08,0.006,,0,0,-29.0,1,-9.0,-26.0,medium_load,0.3407,0.6333,0.0,0.006,0.3415,1.0
2026-08-15 11:57:20,51.29,60.0,instantaneous_fallback,0.078,0.006,,0,0,-26.0,1,3.0,-26.0,medium_load,0.3419,0.6,0.0,0.006,0.3303,1.0
2026-08-15 11:57:24,51.87,60.0,instantaneous_fallback,0.087,0.007,,23,23,-26.0,1,0.0,-25.4,medium_load,0.3458,0.6,0.46,0.007,0.4237,2.0
2026-08-15 11:57:28,51.87,63.33,instantaneous_fallback,0.076,0.007,,13,13,-30.0,1,-4.0,-26.2,medium_load,0.3458,0.6333,0.26,0.007,0.3954,2.0
2026-08-15 11:57:32,51.94,60.0,instantaneous_fallback,0.072,0.006,,0,0,-29.0,1,1.0,-28.0,medium_load,0.3463,0.6,0.0,0.006,0.3318,1.0
2026-08-15 11:57:36,51.53,62.07,instantaneous_fallback,0.079,0.008,,0,0,-29.0,1,0.0,-28.0,medium_load,0.3435,0.6207,0.0,0.008,0.3383,1.0
2026-08-15 11:57:40,50.87,69.37,neighbor_interpolated,0.09,0.01,,0,0,-29.0,1,0.0,-28.6,medium_load,0.3391,0.6937,0.0,0.01,0.3625,2.0
2026-08-15 11:57:45,51.76,76.67,instantaneous_fallback,0.08,0.006,,6,6,-19.0,1,10.0,-27.2,medium_load,0.3451,0.7667,0.12,0.006,0.4137,2.0
2026-08-15 11:59:27,0.0,43.33,instantaneous,0.053,0.005,,0,0,-18.0,1,0.0,-18.0,high_load,0.0,0.4333,0.0,0.005,0.1522,0.0
2026-08-15 11:59:31,0.11,40.0,instantaneous_fallback,0.081,0.005,,4,4,-18.0,1,0.0,-18.0,high_load,0.0007,0.4,0.08,0.005,0.1568,0.0
2026-08-15 11:59:35,4.36,43.33,instantaneous_fallback,0.074,0.009,,0,0,-17.0,1,1.0,-17.67,high_load,0.0291,0.4333,0.0,0.009,0.1627,0.0
2026-08-15 11:59:39,79.38,70.0,instantaneous_fallback,0.073,0.01,,0,0,-24.0,1,-7.0,-19.25,high_load,0.5292,0.7,0.0,0.01,0.4312,2.0
2026-08-15 11:59:43,76.53,72.41,instantaneous_fallback,0.076,0.006,,0,0,-29.0,1,-5.0,-21.2,high_load,0.5102,0.7241,0.0,0.006,0.4326,2.0
2026-08-15 11:59:47,76.81,72.87,neighbor_interpolated,0.072,0.008,,0,0,-29.0,1,0.0,-23.4,high_load,0.5121,0.7287,0.0,0.008,0.4351,2.0
2026-08-15 11:59:51,76.62,73.33,instantaneous_fallback,0.076,0.007,,0,0,-24.0,1,5.0,-24.6,high_load,0.5108,0.7333,0.0,0.007,0.4361,2.0
2026-08-15 11:59:56,76.91,70.0,instantaneous_fallback,0.081,0.011,,0,0,-23.0,1,1.0,-25.8,high_load,0.5127,0.7,0.0,0.011,0.4256,2.0
2026-08-15 12:00:00,76.63,73.33,instantaneous_fallback,0.075,0.006,,0,0,-28.0,1,-5.0,-26.6,high_load,0.5109,0.7333,0.0,0.006,0.4361,2.0
2026-08-15 12:00:04,78.02,73.33,instantaneous_fallback,0.076,0.01,,0,0,-25.0,1,3.0,-25.8,high_load,0.5201,0.7333,0.0,0.01,0.4397,2.0
2026-08-15 12:00:08,77.25,73.33,instantaneous_fallback,0.072,0.009,,5,5,-29.0,1,-4.0,-25.8,high_load,0.515,0.7333,0.1,0.009,0.4578,2.0
2026-08-15 12:00:12,77.45,73.33,instantaneous_fallback,0.075,0.007,,0,0,-23.0,1,6.0,-25.6,high_load,0.5163,0.7333,0.0,0.007,0.4381,2.0
2026-08-15 12:00:16,76.53,73.33,instantaneous_fallback,0.073,0.009,,0,0,-17.0,1,6.0,-24.4,high_load,0.5102,0.7333,0.0,0.009,0.4361,2.0
2026-08-15 12:00:20,77.12,79.31,instantaneous_fallback,0.082,0.001,,4,4,-22.0,1,-5.0,-23.2,high_load,0.5141,0.7931,0.08,0.001,0.4736,2.0
2026-08-15 12:00:24,76.65,73.33,instantaneous_fallback,0.082,0.004,,0,0,-17.0,1,5.0,-21.6,high_load,0.511,0.7333,0.0,0.004,0.4359,2.0
2026-08-15 12:00:29,77.23,76.67,instantaneous_fallback,0.068,0.005,,0,0,-21.0,1,-4.0,-20.0,high_load,0.5149,0.7667,0.0,0.005,0.449,2.0
2026-08-15 12:00:33,77.58,76.67,instantaneous_fallback,0.079,0.004,,0,0,-18.0,1,3.0,-19.0,high_load,0.5172,0.7667,0.0,0.004,0.4498,2.0
2026-08-15 12:00:37,77.23,75.86,instantaneous_fallback,0.056,0.002,,0,0,-18.0,1,0.0,-19.2,high_load,0.5149,0.7586,0.0,0.002,0.4459,2.0
2026-08-15 12:00:41,77.54,75.86,instantaneous_fallback,0.07,0.01,,0,0,-24.0,1,-6.0,-19.6,high_load,0.5169,0.7586,0.0,0.01,0.4474,2.0
2026-08-15 12:00:45,77.8,74.59,neighbor_interpolated,0.079,0.004,,0,0,-17.0,1,7.0,-19.6,high_load,0.5187,0.7459,0.0,0.004,0.443,2.0
2026-08-15 12:00:49,76.97,73.33,instantaneous_fallback,0.074,0.007,,0,0,-18.0,1,-1.0,-19.0,high_load,0.5131,0.7333,0.0,0.007,0.437,2.0
2026-08-15 12:00:53,76.03,73.33,instantaneous_fallback,0.074,0.011,,0,0,-17.0,1,1.0,-18.8,high_load,0.5069,0.7333,0.0,0.011,0.4352,2.0
2026-08-15 12:00:57,78.96,73.33,instantaneous_fallback,0.073,0.008,,0,0,-17.0,1,0.0,-18.6,high_load,0.5264,0.7333,0.0,0.008,0.4417,2.0
2026-08-15 12:01:01,77.06,75.86,instantaneous_fallback,0.075,0.004,,0,0,-24.0,1,-7.0,-18.6,high_load,0.5137,0.7586,0.0,0.004,0.4457,2.0
2026-08-15 12:01:05,76.32,75.86,instantaneous_fallback,0.077,0.01,,0,0,-23.0,1,1.0,-19.8,high_load,0.5088,0.7586,0.0,0.01,0.4446,2.0
2026-08-15 12:01:09,77.82,75.86,neighbor_interpolated,0.075,0.008,,0,0,-28.0,1,-5.0,-21.8,high_load,0.5188,0.7586,0.0,0.008,0.4479,2.0
2026-08-15 12:01:14,76.34,75.86,instantaneous_fallback,0.072,0.009,,0,0,-26.0,1,2.0,-23.6,high_load,0.5089,0.7586,0.0,0.009,0.4445,2.0
2026-08-15 12:01:18,77.74,74.59,neighbor_interpolated,0.077,0.006,,0,0,-27.0,1,-1.0,-25.6,high_load,0.5183,0.7459,0.0,0.006,0.4431,2.0
2026-08-15 12:01:22,77.25,73.33,instantaneous_fallback,0.072,0.004,,0,0,-27.0,1,0.0,-26.2,high_load,0.515,0.7333,0.0,0.004,0.4373,2.0
2026-08-15 12:01:26,77.09,70.0,instantaneous_fallback,0.085,0.005,,0,0,-25.0,1,2.0,-26.6,high_load,0.5139,0.7,0.0,0.005,0.4254,2.0
2026-08-15 12:01:30,76.68,70.0,instantaneous_fallback,0.078,0.01,,0,0,-28.0,1,-3.0,-26.6,high_load,0.5112,0.7,0.0,0.01,0.4249,2.0
2026-08-15 12:01:34,77.07,75.86,instantaneous_fallback,0.073,0.008,,0,0,-28.0,1,0.0,-27.0,high_load,0.5138,0.7586,0.0,0.008,0.4461,2.0
2026-08-15 12:01:38,76.99,74.59,neighbor_interpolated,0.068,0.004,,0,0,-28.0,1,0.0,-27.2,high_load,0.5133,0.7459,0.0,0.004,0.4411,2.0
2026-08-15 12:01:42,76.61,73.33,instantaneous_fallback,0.073,0.007,,0,0,-28.0,1,0.0,-27.4,high_load,0.5107,0.7333,0.0,0.007,0.4361,2.0
2026-08-15 12:01:46,77.68,73.33,instantaneous_fallback,0.077,0.002,,0,0,-28.0,1,0.0,-28.0,high_load,0.5179,0.7333,0.0,0.002,0.4381,2.0
2026-08-15 12:01:50,76.5,79.31,instantaneous_fallback,0.077,0.009,,0,0,-25.0,1,3.0,-27.4,high_load,0.51,0.7931,0.0,0.009,0.457,2.0
2026-08-15 12:01:54,77.99,70.0,instantaneous_fallback,0.073,0.005,,0,0,-28.0,1,-3.0,-27.4,high_load,0.5199,0.7,0.0,0.005,0.4275,2.0
2026-08-15 12:01:58,76.31,73.33,instantaneous_fallback,0.086,0.007,,0,0,-27.0,1,1.0,-27.2,high_load,0.5087,0.7333,0.0,0.007,0.4354,2.0
2026-08-15 12:02:03,77.35,73.33,instantaneous_fallback,0.073,0.007,,0,0,-28.0,1,-1.0,-27.2,high_load,0.5157,0.7333,0.0,0.007,0.4378,2.0
2026-08-15 12:02:07,77.29,76.67,instantaneous_fallback,0.086,0.015,,4,4,-17.0,1,11.0,-25.0,high_load,0.5153,0.7667,0.08,0.015,0.4662,2.0
2026-08-15 12:02:11,76.66,70.0,instantaneous_fallback,0.072,0.006,,0,0,-25.0,1,-8.0,-25.0,high_load,0.5111,0.7,0.0,0.006,0.4245,2.0
2026-08-15 12:02:15,77.8,70.0,instantaneous_fallback,0.087,0.009,,0,0,-27.0,1,-2.0,-24.8,high_load,0.5187,0.7,0.0,0.009,0.4274,2.0
2026-08-15 12:02:19,76.67,73.33,instantaneous_fallback,0.083,0.004,,0,0,-18.0,1,9.0,-23.0,high_load,0.5111,0.7333,0.0,0.004,0.436,2.0
2026-08-15 12:02:23,77.44,75.86,instantaneous_fallback,0.07,0.006,,0,0,-25.0,1,-7.0,-22.4,high_load,0.5163,0.7586,0.0,0.006,0.4468,2.0
2026-08-15 12:02:27,77.66,75.86,neighbor_interpolated,0.077,0.008,,0,0,-28.0,1,-3.0,-24.6,high_load,0.5177,0.7586,0.0,0.008,0.4475,2.0
2026-08-15 12:02:31,76.99,75.86,instantaneous_fallback,0.076,0.008,,0,0,-24.0,1,4.0,-24.4,high_load,0.5133,0.7586,0.0,0.008,0.446,2.0
2026-08-15 12:02:35,76.58,75.86,neighbor_interpolated,0.114,0.057,,0,0,-17.0,1,7.0,-22.4,high_load,0.5105,0.7586,0.0,0.057,0.4499,2.0
2026-08-15 12:02:39,78.2,75.86,instantaneous_fallback,0.083,0.005,,0,0,-17.0,1,0.0,-22.2,high_load,0.5213,0.7586,0.0,0.005,0.4485,2.0
2026-08-15 12:02:44,77.13,76.27,neighbor_interpolated,0.074,0.006,,0,0,-24.0,1,-7.0,-22.0,high_load,0.5142,0.7627,0.0,0.006,0.4475,2.0
2026-08-15 12:02:48,76.05,76.67,instantaneous_fallback,0.077,0.006,,0,0,-19.0,1,5.0,-20.2,high_load,0.507,0.7667,0.0,0.006,0.4464,2.0
2026-08-15 12:02:52,77.64,73.33,instantaneous_fallback,0.08,0.003,,0,0,-24.0,1,-5.0,-20.2,high_load,0.5176,0.7333,0.0,0.003,0.4381,2.0
2026-08-15 12:02:56,76.39,73.33,instantaneous_fallback,0.075,0.01,,0,0,-21.0,1,3.0,-21.0,high_load,0.5093,0.7333,0.0,0.01,0.4359,2.0
2026-08-15 12:03:00,77.93,73.33,instantaneous_fallback,0.079,0.007,,0,0,-17.0,1,4.0,-21.0,high_load,0.5195,0.7333,0.0,0.007,0.4392,2.0
2026-08-15 12:03:04,76.96,79.31,instantaneous_fallback,0.074,0.007,,4,4,-18.0,1,-1.0,-19.8,high_load,0.5131,0.7931,0.08,0.007,0.4739,2.0
2026-08-15 12:03:08,76.73,73.33,instantaneous_fallback,0.085,0.003,,0,0,-21.0,1,-3.0,-20.2,high_load,0.5115,0.7333,0.0,0.003,0.436,2.0
2026-08-15 12:03:12,76.95,73.33,instantaneous_fallback,0.076,0.008,,0,0,-20.0,1,1.0,-19.4,high_load,0.513,0.7333,0.0,0.008,0.437,2.0
2026-08-15 12:03:16,76.77,73.33,instantaneous_fallback,0.08,0.006,,0,0,-17.0,1,3.0,-18.6,high_load,0.5118,0.7333,0.0,0.006,0.4364,2.0
2026-08-15 12:03:20,77.53,73.33,instantaneous_fallback,0.076,0.009,,0,0,-18.0,1,-1.0,-18.8,high_load,0.5169,0.7333,0.0,0.009,0.4385,2.0
2026-08-15 12:03:24,76.31,75.86,instantaneous_fallback,0.076,0.008,,5,5,-25.0,1,-7.0,-20.2,high_load,0.5087,0.7586,0.1,0.008,0.4644,2.0
2026-08-15 12:03:28,77.97,79.59,neighbor_interpolated,0.082,0.006,,2,2,-29.0,1,-4.0,-21.8,high_load,0.5198,0.7959,0.04,0.006,0.4691,2.0
2026-08-15 12:03:32,77.24,83.33,instantaneous_fallback,0.076,0.007,,0,0,-19.0,1,10.0,-21.6,high_load,0.5149,0.8333,0.0,0.007,0.4726,2.0
2026-08-15 12:03:37,77.16,73.33,instantaneous_fallback,0.054,0.008,,0,0,-29.0,1,-10.0,-24.0,high_load,0.5144,0.7333,0.0,0.008,0.4375,2.0
2026-08-15 12:03:41,71.75,66.67,instantaneous_fallback,0.078,0.015,,0,0,-19.0,1,10.0,-24.2,high_load,0.4783,0.6667,0.0,0.015,0.4023,2.0
2026-08-15 12:03:45,54.05,73.33,instantaneous_fallback,0.084,0.012,,0,0,-19.0,1,0.0,-23.0,high_load,0.3603,0.7333,0.0,0.012,0.384,2.0
2026-08-15 12:03:49,37.59,60.0,instantaneous_fallback,0.07,0.006,,0,0,-19.0,1,0.0,-21.0,high_load,0.2506,0.6,0.0,0.006,0.2983,1.0
2026-08-15 12:03:53,84.34,83.33,instantaneous_fallback,0.077,0.009,,3,3,-18.0,1,1.0,-20.8,high_load,0.5623,0.8333,0.06,0.009,0.5013,3.0
2026-08-15 12:03:57,100.98,83.33,instantaneous_fallback,0.072,0.007,,0,0,-24.0,1,-6.0,-19.8,high_load,0.6732,0.8333,0.0,0.007,0.528,3.0
2026-08-15 12:04:01,98.08,80.0,instantaneous_fallback,0.075,0.008,,0,0,-19.0,1,5.0,-19.8,high_load,0.6539,0.8,0.0,0.008,0.5097,3.0
2026-08-15 12:04:05,90.63,76.67,instantaneous_fallback,0.074,0.007,,0,0,-18.0,1,1.0,-19.6,high_load,0.6042,0.7667,0.0,0.007,0.4805,2.0
2026-08-15 12:04:09,76.6,73.33,instantaneous_fallback,0.08,0.002,,0,0,-25.0,1,-7.0,-20.8,high_load,0.5107,0.7333,0.0,0.002,0.4356,2.0
2026-08-15 12:04:13,77.46,73.33,instantaneous_fallback,0.073,0.008,,0,0,-19.0,1,6.0,-21.0,high_load,0.5164,0.7333,0.0,0.008,0.4382,2.0
2026-08-15 12:04:17,76.48,73.33,instantaneous_fallback,0.077,0.003,,0,0,-20.0,1,-1.0,-20.2,high_load,0.5099,0.7333,0.0,0.003,0.4354,2.0
2026-08-15 12:04:21,76.72,73.33,instantaneous_fallback,0.073,0.008,,0,0,-19.0,1,1.0,-20.2,high_load,0.5115,0.7333,0.0,0.008,0.4365,2.0
2026-08-15 12:04:25,77.3,73.33,instantaneous_fallback,0.069,0.007,,0,0,-23.0,1,-4.0,-21.2,high_load,0.5153,0.7333,0.0,0.007,0.4377,2.0
2026-08-15 12:04:29,76.96,79.31,instantaneous_fallback,0.087,0.01,,0,0,-18.0,1,5.0,-19.8,high_load,0.5131,0.7931,0.0,0.01,0.4582,2.0
2026-08-15 12:04:33,76.5,73.33,instantaneous_fallback,0.076,0.008,,0,0,-26.0,1,-8.0,-21.2,high_load,0.51,0.7333,0.0,0.008,0.436,2.0
2026-08-15 12:04:37,77.08,73.33,instantaneous_fallback,0.078,0.004,,0,0,-29.0,1,-3.0,-23.0,high_load,0.5139,0.7333,0.0,0.004,0.4369,2.0
2026-08-15 12:04:42,77.12,73.33,instantaneous_fallback,0.084,0.013,,0,0,-20.0,1,9.0,-23.2,high_load,0.5141,0.7333,0.0,0.013,0.4379,2.0
2026-08-15 12:04:46,76.34,75.86,instantaneous_fallback,0.078,0.005,,0,0,-30.0,1,-10.0,-24.6,high_load,0.5089,0.7586,0.0,0.005,0.4441,2.0
2026-08-15 12:04:50,77.32,74.59,neighbor_interpolated,0.072,0.007,,0,0,-28.0,1,2.0,-26.6,high_load,0.5155,0.7459,0.0,0.007,0.4422,2.0
2026-08-15 12:04:54,76.23,73.33,instantaneous_fallback,0.077,0.007,,0,0,-20.0,1,8.0,-25.4,high_load,0.5082,0.7333,0.0,0.007,0.4352,2.0
2026-08-15 12:04:58,77.62,73.33,instantaneous_fallback,0.047,0.004,,0,0,-18.0,1,2.0,-23.2,high_load,0.5175,0.7333,0.0,0.004,0.4382,2.0
2026-08-15 12:05:02,76.8,75.86,instantaneous_fallback,0.071,0.012,,0,0,-28.0,1,-10.0,-24.8,high_load,0.512,0.7586,0.0,0.012,0.4459,2.0
2026-08-15 12:05:06,77.75,74.59,neighbor_interpolated,0.058,0.005,,0,0,-26.0,1,2.0,-24.0,high_load,0.5183,0.7459,0.0,0.005,0.443,2.0
2026-08-15 12:05:10,76.63,73.33,instantaneous_fallback,0.072,0.013,,0,0,-18.0,1,8.0,-22.0,high_load,0.5109,0.7333,0.0,0.013,0.4368,2.0
2026-08-15 12:05:14,76.79,73.33,instantaneous_fallback,0.071,0.006,,0,0,-26.0,1,-8.0,-23.2,high_load,0.5119,0.7333,0.0,0.006,0.4364,2.0
2026-08-15 12:05:18,77.17,70.0,instantaneous_fallback,0.081,0.006,,0,0,-20.0,1,6.0,-23.6,high_load,0.5145,0.7,0.0,0.006,0.4257,2.0
2026-08-15 12:05:23,76.86,73.33,instantaneous_fallback,0.079,0.012,,0,0,-26.0,1,-6.0,-23.2,high_load,0.5124,0.7333,0.0,0.012,0.4372,2.0
2026-08-15 12:05:27,76.71,73.33,instantaneous_fallback,0.078,0.01,,0,0,-23.0,1,3.0,-22.6,high_load,0.5114,0.7333,0.0,0.01,0.4366,2.0
2026-08-15 12:05:31,77.27,76.67,instantaneous_fallback,0.082,0.006,,0,0,-18.0,1,5.0,-22.6,high_load,0.5151,0.7667,0.0,0.006,0.4492,2.0
2026-08-15 12:05:35,76.22,73.33,instantaneous_fallback,0.071,0.005,,0,0,-19.0,1,-1.0,-21.2,high_load,0.5081,0.7333,0.0,0.005,0.435,2.0
2026-08-15 12:05:39,76.83,73.33,instantaneous_fallback,0.088,0.005,,0,0,-19.0,1,0.0,-21.0,high_load,0.5122,0.7333,0.0,0.005,0.4364,2.0
2026-08-15 12:05:43,77.12,73.33,instantaneous_fallback,0.075,0.01,,0,0,-22.0,1,-3.0,-20.2,high_load,0.5141,0.7333,0.0,0.01,0.4376,2.0
2026-08-15 12:05:47,77.01,76.67,instantaneous_fallback,0.08,0.001,,0,0,-19.0,1,3.0,-19.4,high_load,0.5134,0.7667,0.0,0.001,0.4481,2.0
2026-08-15 12:05:51,77.5,79.31,instantaneous_fallback,0.081,0.004,,0,0,-20.0,1,-1.0,-19.8,high_load,0.5167,0.7931,0.0,0.004,0.4588,2.0
2026-08-15 12:05:55,76.77,73.33,instantaneous_fallback,0.074,0.008,,0,0,-19.0,1,1.0,-19.8,high_load,0.5118,0.7333,0.0,0.008,0.4366,2.0
2026-08-15 12:05:59,76.77,73.33,instantaneous_fallback,0.074,0.004,,0,0,-22.0,1,-3.0,-20.4,high_load,0.5118,0.7333,0.0,0.004,0.4362,2.0
2026-08-15 12:06:03,76.43,76.67,instantaneous_fallback,0.075,0.008,,0,0,-22.0,1,0.0,-20.4,high_load,0.5095,0.7667,0.0,0.008,0.4475,2.0
2026-08-15 12:06:07,77.59,73.33,instantaneous_fallback,0.075,0.008,,0,0,-28.0,1,-6.0,-22.2,high_load,0.5173,0.7333,0.0,0.008,0.4385,2.0
2026-08-15 12:06:11,76.71,76.67,instantaneous_fallback,0.076,0.007,,0,0,-19.0,1,9.0,-22.0,high_load,0.5114,0.7667,0.0,0.007,0.448,2.0
2026-08-15 12:06:16,71.27,76.67,instantaneous_fallback,0.076,0.005,,0,0,-19.0,1,0.0,-22.0,high_load,0.4751,0.7667,0.0,0.005,0.4351,2.0
2026-08-15 12:06:20,83.17,73.33,instantaneous_fallback,0.071,0.006,,0,0,-25.0,1,-6.0,-22.6,high_load,0.5545,0.7333,0.0,0.006,0.4513,2.0
2026-08-15 12:06:24,76.76,73.33,instantaneous_fallback,0.075,0.008,,8,8,-29.0,1,-4.0,-24.0,high_load,0.5117,0.7333,0.16,0.008,0.4686,2.0
2026-08-15 12:06:28,77.5,75.86,instantaneous_fallback,0.083,0.012,,0,0,-19.0,1,10.0,-22.2,high_load,0.5167,0.7586,0.0,0.012,0.4475,2.0
2026-08-15 12:06:32,77.18,75.86,instantaneous_fallback,0.082,0.001,,0,0,-27.0,1,-8.0,-23.8,high_load,0.5145,0.7586,0.0,0.001,0.4457,2.0
2026-08-15 12:06:36,76.83,75.86,neighbor_interpolated,0.097,0.041,,0,0,-30.0,1,-3.0,-26.0,high_load,0.5122,0.7586,0.0,0.041,0.4489,2.0
2026-08-15 12:06:40,77.98,75.86,instantaneous_fallback,0.08,0.011,,0,0,-20.0,1,10.0,-25.0,high_load,0.5199,0.7586,0.0,0.011,0.4486,2.0
2026-08-15 12:06:44,74.13,79.59,neighbor_interpolated,0.08,0.003,,0,0,-18.0,1,2.0,-22.8,high_load,0.4942,0.7959,0.0,0.003,0.4518,2.0
2026-08-15 12:06:48,77.95,83.33,instantaneous_fallback,0.077,0.005,,0,0,-22.0,1,-4.0,-23.4,high_load,0.5197,0.8333,0.0,0.005,0.474,2.0
2026-08-15 12:06:53,79.88,76.67,instantaneous_fallback,0.078,0.002,,0,0,-24.0,1,-2.0,-22.8,high_load,0.5325,0.7667,0.0,0.002,0.4549,2.0
2026-08-15 12:06:57,76.44,76.67,instantaneous_fallback,0.081,0.005,,0,0,-19.0,1,5.0,-20.6,high_load,0.5096,0.7667,0.0,0.005,0.4472,2.0
2026-08-15 12:07:01,77.13,75.86,instantaneous_fallback,0.076,0.006,,0,0,-24.0,1,-5.0,-21.4,high_load,0.5142,0.7586,0.0,0.006,0.4461,2.0
2026-08-15 12:07:05,77.26,75.86,neighbor_interpolated,0.075,0.008,,0,0,-20.0,1,4.0,-21.8,high_load,0.5151,0.7586,0.0,0.008,0.4466,2.0
2026-08-15 12:07:09,76.65,75.86,instantaneous_fallback,0.076,0.006,,0,0,-21.0,1,-1.0,-21.6,high_load,0.511,0.7586,0.0,0.006,0.445,2.0
2026-08-15 12:07:13,76.68,74.59,neighbor_interpolated,0.08,0.005,,2,2,-29.0,1,-8.0,-22.6,high_load,0.5112,0.7459,0.04,0.005,0.4485,2.0
2026-08-15 12:07:17,76.76,73.33,instantaneous_fallback,0.078,0.015,,0,0,-22.0,1,7.0,-23.2,high_load,0.5117,0.7333,0.0,0.015,0.4373,2.0
2026-08-15 12:07:21,76.83,73.33,instantaneous_fallback,0.077,0.008,,0,0,-22.0,1,0.0,-22.8,high_load,0.5122,0.7333,0.0,0.008,0.4367,2.0
2026-08-15 12:07:25,77.46,76.67,instantaneous_fallback,0.085,0.012,,0,0,-20.0,1,2.0,-22.8,high_load,0.5164,0.7667,0.0,0.012,0.4503,2.0
2026-08-15 12:07:29,76.54,79.31,instantaneous_fallback,0.074,0.008,,0,0,-20.0,1,0.0,-22.6,high_load,0.5103,0.7931,0.0,0.008,0.457,2.0
2026-08-15 12:07:34,77.47,73.33,instantaneous_fallback,0.091,0.05,,0,0,-22.0,1,-2.0,-21.2,high_load,0.5165,0.7333,0.0,0.05,0.4424,2.0
2026-08-15 12:08:09,0.0,46.67,instantaneous,0.06,0.004,,0,0,-29.0,1,0.0,-29.0,stress_load,0.0,0.4667,0.0,0.004,0.1637,0.0
2026-08-15 12:08:13,0.11,46.67,instantaneous_fallback,0.073,0.017,,0,0,-28.0,1,1.0,-28.5,stress_load,0.0007,0.4667,0.0,0.017,0.1653,0.0
2026-08-15 12:08:17,56.83,83.33,instantaneous_fallback,0.075,0.007,,0,0,-17.0,1,11.0,-24.67,stress_load,0.3789,0.8333,0.0,0.007,0.425,2.0
2026-08-15 12:08:21,95.06,86.21,instantaneous_fallback,0.076,0.008,,0,0,-17.0,1,0.0,-22.75,stress_load,0.6337,0.8621,0.0,0.008,0.5243,3.0
2026-08-15 12:08:26,99.47,83.1,neighbor_interpolated,0.072,0.005,,2,2,-26.0,1,-9.0,-23.4,stress_load,0.6631,0.831,0.04,0.005,0.5314,3.0
2026-08-15 12:08:30,94.37,80.0,instantaneous_fallback,0.074,0.006,,0,0,-28.0,1,-2.0,-23.2,stress_load,0.6291,0.8,0.0,0.006,0.5008,3.0
2026-08-15 12:08:34,102.57,83.33,instantaneous_fallback,0.08,0.006,,0,0,-20.0,1,8.0,-21.6,stress_load,0.6838,0.8333,0.0,0.006,0.5316,3.0
2026-08-15 12:08:38,94.48,80.0,instantaneous_fallback,0.076,0.01,,11,11,-22.0,1,-2.0,-22.6,stress_load,0.6299,0.8,0.22,0.01,0.5455,3.0
2026-08-15 12:08:42,94.46,86.21,instantaneous_fallback,0.083,0.007,,14,14,-27.0,1,-5.0,-24.6,stress_load,0.6297,0.8621,0.28,0.007,0.5788,3.0
2026-08-15 12:08:46,92.09,86.21,instantaneous_fallback,0.077,0.007,,7,7,-20.0,1,7.0,-23.4,stress_load,0.6139,0.8621,0.14,0.007,0.5453,3.0
2026-08-15 12:08:50,98.95,83.1,neighbor_interpolated,0.081,0.002,,4,4,-23.0,1,-3.0,-22.4,stress_load,0.6597,0.831,0.08,0.002,0.5379,3.0
2026-08-15 12:08:54,97.6,80.0,instantaneous_fallback,0.072,0.005,,6,6,-23.0,1,0.0,-23.0,stress_load,0.6507,0.8,0.12,0.005,0.5322,3.0
2026-08-15 12:08:59,97.26,86.21,instantaneous_fallback,0.073,0.006,,4,4,-27.0,1,-4.0,-24.0,stress_load,0.6484,0.8621,0.08,0.006,0.5453,3.0
2026-08-15 12:09:03,96.77,80.0,instantaneous_fallback,0.073,0.007,,6,6,-20.0,1,7.0,-22.6,stress_load,0.6451,0.8,0.12,0.007,0.5305,3.0
2026-08-15 12:09:07,91.1,82.76,instantaneous_fallback,0.074,0.008,,6,6,-19.0,1,1.0,-22.4,stress_load,0.6073,0.8276,0.12,0.008,0.527,3.0
2026-08-15 12:09:11,95.03,81.38,neighbor_interpolated,0.087,0.0,,4,4,-26.0,1,-7.0,-23.0,stress_load,0.6335,0.8138,0.08,0.0,0.5226,3.0
2026-08-15 12:09:15,96.46,80.0,instantaneous_fallback,0.076,0.009,,0,0,-18.0,1,8.0,-22.0,stress_load,0.6431,0.8,0.0,0.009,0.506,3.0
2026-08-15 12:09:19,95.5,80.0,instantaneous_fallback,0.077,0.008,,13,13,-18.0,1,0.0,-20.2,stress_load,0.6367,0.8,0.26,0.008,0.5556,3.0
2026-08-15 12:09:23,89.92,80.0,instantaneous_fallback,0.074,0.008,,0,0,-18.0,1,0.0,-19.8,stress_load,0.5995,0.8,0.0,0.008,0.4906,2.0
2026-08-15 12:09:27,94.5,83.33,instantaneous_fallback,0.077,0.009,,0,0,-18.0,1,0.0,-19.6,stress_load,0.63,0.8333,0.0,0.009,0.5131,3.0
2026-08-15 12:09:31,91.19,76.67,instantaneous_fallback,0.076,0.007,,0,0,-18.0,1,0.0,-18.0,stress_load,0.6079,0.7667,0.0,0.007,0.4818,2.0
2026-08-15 12:09:36,93.86,82.76,instantaneous_fallback,0.094,0.034,,0,0,-19.0,1,-1.0,-18.2,stress_load,0.6257,0.8276,0.0,0.034,0.5121,3.0
2026-08-15 12:09:40,93.88,81.38,neighbor_interpolated,0.097,0.024,,0,0,-19.0,1,0.0,-18.4,stress_load,0.6259,0.8138,0.0,0.024,0.5063,3.0
2026-08-15 12:09:44,91.19,80.0,instantaneous_fallback,0.074,0.007,,0,0,-18.0,1,1.0,-18.4,stress_load,0.6079,0.8,0.0,0.007,0.4935,2.0
2026-08-15 12:09:48,96.12,83.33,instantaneous_fallback,0.078,0.011,,0,0,-18.0,1,0.0,-18.4,stress_load,0.6408,0.8333,0.0,0.011,0.517,3.0
2026-08-15 12:09:52,96.44,82.76,instantaneous_fallback,0.077,0.009,,0,0,-23.0,1,-5.0,-19.4,stress_load,0.6429,0.8276,0.0,0.009,0.5156,3.0
2026-08-15 12:09:56,91.63,83.05,neighbor_interpolated,0.075,0.008,,0,0,-18.0,1,5.0,-19.2,stress_load,0.6109,0.8305,0.0,0.008,0.5053,3.0
2026-08-15 12:10:00,96.02,83.33,instantaneous_fallback,0.074,0.008,,0,0,-18.0,1,0.0,-19.0,stress_load,0.6401,0.8333,0.0,0.008,0.5165,3.0
2026-08-15 12:10:04,95.8,83.33,instantaneous_fallback,0.074,0.007,,9,9,-19.0,1,-1.0,-19.2,stress_load,0.6387,0.8333,0.18,0.007,0.5519,3.0
2026-08-15 12:10:09,97.07,80.0,instantaneous_fallback,0.072,0.009,,0,0,-19.0,1,0.0,-19.4,stress_load,0.6471,0.8,0.0,0.009,0.5074,3.0
2026-08-15 12:10:13,92.88,83.33,instantaneous_fallback,0.079,0.006,,0,0,-18.0,1,1.0,-18.4,stress_load,0.6192,0.8333,0.0,0.006,0.509,3.0
2026-08-15 12:10:17,94.74,83.33,instantaneous_fallback,0.085,0.014,,0,0,-19.0,1,-1.0,-18.6,stress_load,0.6316,0.8333,0.0,0.014,0.5141,3.0
2026-08-15 12:10:21,96.69,83.33,instantaneous_fallback,0.072,0.006,,0,0,-20.0,1,-1.0,-19.0,stress_load,0.6446,0.8333,0.0,0.006,0.5179,3.0
2026-08-15 12:10:25,94.72,80.0,instantaneous_fallback,0.132,0.061,,0,0,-21.0,1,-1.0,-19.4,stress_load,0.6315,0.8,0.0,0.061,0.5071,3.0
2026-08-15 12:10:29,97.27,86.21,instantaneous_fallback,0.084,0.022,,0,0,-22.0,1,-1.0,-20.0,stress_load,0.6485,0.8621,0.0,0.022,0.5309,3.0
2026-08-15 12:10:33,95.46,80.0,instantaneous_fallback,0.078,0.007,,0,0,-22.0,1,0.0,-20.8,stress_load,0.6364,0.8,0.0,0.007,0.5034,3.0
2026-08-15 12:10:37,95.81,80.0,instantaneous_fallback,0.097,0.03,,0,0,-20.0,1,2.0,-21.0,stress_load,0.6387,0.8,0.0,0.03,0.5066,3.0
2026-08-15 12:10:41,93.86,82.76,instantaneous_fallback,0.074,0.008,,0,0,-20.0,1,0.0,-21.0,stress_load,0.6257,0.8276,0.0,0.008,0.5095,3.0
2026-08-15 12:10:45,91.42,79.31,instantaneous_fallback,0.078,0.003,,0,0,-18.0,1,2.0,-20.4,stress_load,0.6095,0.7931,0.0,0.003,0.4912,2.0
2026-08-15 12:10:50,94.86,86.21,instantaneous_fallback,0.081,0.005,,19,19,-18.0,1,0.0,-19.6,stress_load,0.6324,0.8621,0.38,0.005,0.5996,3.0
2026-08-15 12:10:54,96.47,82.76,instantaneous_fallback,0.057,0.003,,2,2,-18.0,1,0.0,-18.8,stress_load,0.6431,0.8276,0.04,0.003,0.5231,3.0
2026-08-15 12:10:58,98.67,81.38,neighbor_interpolated,0.073,0.012,,5,5,-19.0,1,-1.0,-18.6,stress_load,0.6578,0.8138,0.1,0.012,0.5363,3.0
2026-08-15 12:11:02,93.6,80.0,instantaneous_fallback,0.074,0.009,,0,0,-19.0,1,0.0,-18.4,stress_load,0.624,0.8,0.0,0.009,0.4993,2.0
2026-08-15 12:11:06,95.34,82.76,instantaneous_fallback,0.086,0.006,,0,0,-18.0,1,1.0,-18.4,stress_load,0.6356,0.8276,0.0,0.006,0.5127,3.0
2026-08-15 12:11:10,96.66,81.38,neighbor_interpolated,0.078,0.008,,0,0,-20.0,1,-2.0,-18.8,stress_load,0.6444,0.8138,0.0,0.008,0.5112,3.0
2026-08-15 12:11:14,95.18,80.0,instantaneous_fallback,0.072,0.008,,0,0,-17.0,1,3.0,-18.6,stress_load,0.6345,0.8,0.0,0.008,0.5029,3.0
2026-08-15 12:11:18,96.19,80.0,instantaneous_fallback,0.073,0.008,,0,0,-19.0,1,-2.0,-18.6,stress_load,0.6413,0.8,0.0,0.008,0.5052,3.0
2026-08-15 12:11:23,96.07,82.76,instantaneous_fallback,0.074,0.004,,0,0,-26.0,1,-7.0,-20.0,stress_load,0.6405,0.8276,0.0,0.004,0.5142,3.0
2026-08-15 12:11:27,97.53,83.05,neighbor_interpolated,0.082,0.008,,0,0,-27.0,1,-1.0,-21.8,stress_load,0.6502,0.8305,0.0,0.008,0.519,3.0
2026-08-15 12:11:31,99.57,83.33,instantaneous_fallback,0.079,0.014,,0,0,-29.0,1,-2.0,-23.6,stress_load,0.6638,0.8333,0.0,0.014,0.5254,3.0
2026-08-15 12:11:35,91.2,82.76,instantaneous_fallback,0.057,0.01,,0,0,-27.0,1,2.0,-25.6,stress_load,0.608,0.8276,0.0,0.01,0.5035,3.0
2026-08-15 12:11:39,43.21,65.52,instantaneous_fallback,0.081,0.012,,0,0,-28.0,1,-1.0,-27.4,stress_load,0.2881,0.6552,0.0,0.012,0.3313,1.0
2026-08-15 12:11:43,94.89,72.76,neighbor_interpolated,0.088,0.012,,0,0,-29.0,1,-1.0,-28.0,stress_load,0.6326,0.7276,0.0,0.012,0.4773,2.0
2026-08-15 12:11:47,98.36,80.0,instantaneous_fallback,0.076,0.009,,0,0,-22.0,1,7.0,-27.0,stress_load,0.6557,0.8,0.0,0.009,0.5104,3.0
2026-08-15 12:11:51,95.65,83.33,instantaneous_fallback,0.084,0.001,,2,2,-18.0,1,4.0,-24.8,stress_load,0.6377,0.8333,0.04,0.001,0.5229,3.0
2026-08-15 12:11:55,96.37,86.21,instantaneous_fallback,0.099,0.022,,0,0,-18.0,1,0.0,-23.0,stress_load,0.6425,0.8621,0.0,0.022,0.5288,3.0
2026-08-15 12:12:00,98.63,80.0,instantaneous_fallback,0.057,0.008,,0,0,-28.0,1,-10.0,-23.0,stress_load,0.6575,0.8,0.0,0.008,0.5109,3.0
2026-08-15 12:12:04,98.85,80.0,instantaneous_fallback,0.088,0.01,,0,0,-26.0,1,2.0,-22.4,stress_load,0.659,0.8,0.0,0.01,0.5116,3.0
2026-08-15 12:12:08,98.2,80.0,instantaneous_fallback,0.09,0.006,,0,0,-28.0,1,-2.0,-23.6,stress_load,0.6547,0.8,0.0,0.006,0.5097,3.0
2026-08-15 12:12:12,99.54,83.33,instantaneous_fallback,0.052,0.002,,0,0,-25.0,1,3.0,-25.0,stress_load,0.6636,0.8333,0.0,0.002,0.5241,3.0
2026-08-15 12:12:16,96.14,80.0,instantaneous_fallback,0.076,0.002,,0,0,-26.0,1,-1.0,-26.6,stress_load,0.6409,0.8,0.0,0.002,0.5045,3.0
2026-08-15 12:12:20,90.25,80.0,instantaneous_fallback,0.075,0.01,,0,0,-28.0,1,-2.0,-26.6,stress_load,0.6017,0.8,0.0,0.01,0.4916,2.0
2026-08-15 12:12:24,95.08,80.0,instantaneous_fallback,0.08,0.011,,0,0,-24.0,1,4.0,-26.2,stress_load,0.6339,0.8,0.0,0.011,0.503,3.0
2026-08-15 12:12:28,97.68,80.0,instantaneous_fallback,0.076,0.009,,0,0,-22.0,1,2.0,-25.0,stress_load,0.6512,0.8,0.0,0.009,0.5088,3.0
2026-08-15 12:12:32,100.39,86.21,instantaneous_fallback,0.08,0.01,,0,0,-25.0,1,-3.0,-25.0,stress_load,0.6693,0.8621,0.0,0.01,0.537,3.0
2026-08-15 12:12:36,98.87,80.0,instantaneous_fallback,0.084,0.013,,0,0,-28.0,1,-3.0,-25.4,stress_load,0.6591,0.8,0.0,0.013,0.512,3.0
2026-08-15 12:12:40,95.81,82.76,instantaneous_fallback,0.084,0.015,,0,0,-29.0,1,-1.0,-25.6,stress_load,0.6387,0.8276,0.0,0.015,0.5147,3.0
2026-08-15 12:12:45,98.98,83.05,neighbor_interpolated,0.122,0.078,,0,0,-25.0,1,4.0,-25.8,stress_load,0.6599,0.8305,0.0,0.078,0.5294,3.0
2026-08-15 12:12:49,98.05,83.33,instantaneous_fallback,0.075,0.007,,0,0,-25.0,1,0.0,-26.4,stress_load,0.6537,0.8333,0.0,0.007,0.5211,3.0
2026-08-15 12:12:53,95.69,83.33,instantaneous_fallback,0.083,0.013,,0,0,-29.0,1,-4.0,-27.2,stress_load,0.6379,0.8333,0.0,0.013,0.5162,3.0
2026-08-15 12:12:57,97.17,80.0,instantaneous_fallback,0.076,0.01,,0,0,-24.0,1,5.0,-26.4,stress_load,0.6478,0.8,0.0,0.01,0.5077,3.0
2026-08-15 12:13:01,94.86,86.21,instantaneous_fallback,0.081,0.007,,0,0,-19.0,1,5.0,-24.4,stress_load,0.6324,0.8621,0.0,0.007,0.5238,3.0
2026-08-15 12:13:05,101.19,86.21,instantaneous_fallback,0.079,0.007,,0,0,-24.0,1,-5.0,-24.2,stress_load,0.6746,0.8621,0.0,0.007,0.5385,3.0
2026-08-15 12:13:09,96.33,82.76,instantaneous_fallback,0.059,0.004,,0,0,-25.0,1,-1.0,-24.2,stress_load,0.6422,0.8276,0.0,0.004,0.5148,3.0
2026-08-15 12:13:14,100.19,83.05,neighbor_interpolated,0.073,0.007,,0,0,-25.0,1,0.0,-23.4,stress_load,0.6679,0.8305,0.0,0.007,0.5252,3.0
2026-08-15 12:13:18,97.66,83.33,instantaneous_fallback,0.079,0.003,,0,0,-25.0,1,0.0,-23.6,stress_load,0.6511,0.8333,0.0,0.003,0.5198,3.0
2026-08-15 12:13:22,97.34,80.0,instantaneous_fallback,0.074,0.005,,0,0,-29.0,1,-4.0,-25.6,stress_load,0.6489,0.8,0.0,0.005,0.5076,3.0
2026-08-15 12:13:26,96.75,80.0,instantaneous_fallback,0.074,0.003,,0,0,-29.0,1,0.0,-26.6,stress_load,0.645,0.8,0.0,0.003,0.506,3.0
2026-08-15 12:13:30,86.25,82.76,instantaneous_fallback,0.073,0.004,,0,0,-28.0,1,1.0,-27.2,stress_load,0.575,0.8276,0.0,0.004,0.4913,2.0
2026-08-15 12:13:34,77.11,70.0,instantaneous_fallback,0.073,0.004,,0,0,-28.0,1,0.0,-27.8,stress_load,0.5141,0.7,0.0,0.004,0.4253,2.0
2026-08-15 12:13:38,88.44,76.67,instantaneous_fallback,0.06,0.006,,0,0,-25.0,1,3.0,-27.8,stress_load,0.5896,0.7667,0.0,0.006,0.4753,2.0
2026-08-15 12:13:42,98.37,83.33,instantaneous_fallback,0.072,0.015,,0,0,-28.0,1,-3.0,-27.6,stress_load,0.6558,0.8333,0.0,0.015,0.5227,3.0
2026-08-15 12:13:46,94.8,80.0,instantaneous_fallback,0.095,0.032,,0,0,-24.0,1,4.0,-26.6,stress_load,0.632,0.8,0.0,0.032,0.5044,3.0
2026-08-15 12:13:51,97.45,80.0,instantaneous_fallback,0.083,0.01,,0,0,-22.0,1,2.0,-25.4,stress_load,0.6497,0.8,0.0,0.01,0.5084,3.0
2026-08-15 12:13:55,97.08,82.76,instantaneous_fallback,0.059,0.007,,0,0,-18.0,1,4.0,-23.4,stress_load,0.6472,0.8276,0.0,0.007,0.5169,3.0
2026-08-15 12:13:59,98.15,83.05,neighbor_interpolated,0.082,0.005,,0,0,-25.0,1,-7.0,-23.4,stress_load,0.6543,0.8305,0.0,0.005,0.5202,3.0
2026-08-15 12:14:03,94.51,83.33,instantaneous_fallback,0.07,0.008,,0,0,-25.0,1,0.0,-22.8,stress_load,0.6301,0.8333,0.0,0.008,0.513,3.0
2026-08-15 12:14:07,96.65,86.67,instantaneous_fallback,0.076,0.008,,0,0,-18.0,1,7.0,-21.6,stress_load,0.6443,0.8667,0.0,0.008,0.5297,3.0
2026-08-15 12:14:11,97.4,80.0,instantaneous_fallback,0.074,0.008,,0,0,-22.0,1,-4.0,-21.6,stress_load,0.6493,0.8,0.0,0.008,0.5081,3.0
2026-08-15 12:14:15,98.49,80.0,instantaneous_fallback,0.083,0.003,,8,8,-25.0,1,-3.0,-23.0,stress_load,0.6566,0.8,0.16,0.003,0.5421,3.0
2026-08-15 12:14:19,81.35,83.33,instantaneous_fallback,0.078,0.001,,0,0,-20.0,1,5.0,-22.0,stress_load,0.5423,0.8333,0.0,0.001,0.4816,2.0
2026-08-15 12:14:23,83.57,83.33,instantaneous_fallback,0.083,0.01,,0,0,-20.0,1,0.0,-21.0,stress_load,0.5571,0.8333,0.0,0.01,0.4877,2.0
2026-08-15 12:14:28,92.37,80.0,instantaneous_fallback,0.069,0.005,,7,7,-18.0,1,2.0,-21.0,stress_load,0.6158,0.8,0.14,0.005,0.524,3.0
2026-08-15 12:14:32,94.94,80.0,instantaneous_fallback,0.078,0.01,,0,0,-18.0,1,0.0,-20.2,stress_load,0.6329,0.8,0.0,0.01,0.5025,3.0
2026-08-15 12:14:36,97.02,82.76,instantaneous_fallback,0.09,0.03,,0,0,-25.0,1,-7.0,-20.2,stress_load,0.6468,0.8276,0.0,0.03,0.519,3.0
2026-08-15 12:14:40,98.84,84.48,neighbor_interpolated,0.076,0.005,,0,0,-29.0,1,-4.0,-22.0,stress_load,0.6589,0.8448,0.0,0.005,0.5268,3.0
2026-08-15 12:14:44,96.29,86.21,instantaneous_fallback,0.077,0.01,,0,0,-19.0,1,10.0,-21.8,stress_load,0.6419,0.8621,0.0,0.01,0.5274,3.0
2026-08-15 12:14:48,98.19,80.0,instantaneous_fallback,0.094,0.018,,0,0,-24.0,1,-5.0,-23.0,stress_load,0.6546,0.8,0.0,0.018,0.5109,3.0
2026-08-15 12:14:52,100.77,83.33,instantaneous_fallback,0.074,0.008,,0,0,-23.0,1,1.0,-24.0,stress_load,0.6718,0.8333,0.0,0.008,0.5276,3.0
2026-08-15 12:14:56,98.1,80.0,instantaneous_fallback,0.077,0.006,,0,0,-23.0,1,0.0,-23.6,stress_load,0.654,0.8,0.0,0.006,0.5095,3.0
2026-08-15 12:15:00,99.96,83.33,instantaneous_fallback,0.078,0.006,,9,9,-21.0,1,2.0,-22.0,stress_load,0.6664,0.8333,0.18,0.006,0.5615,3.0
2026-08-15 12:15:04,96.87,82.76,instantaneous_fallback,0.078,0.005,,0,0,-23.0,1,-2.0,-22.8,stress_load,0.6458,0.8276,0.0,0.005,0.5162,3.0
2026-08-15 12:15:08,98.0,84.48,neighbor_interpolated,0.072,0.008,,0,0,-22.0,1,1.0,-22.4,stress_load,0.6533,0.8448,0.0,0.008,0.5251,3.0
2026-08-15 12:15:13,97.48,86.21,instantaneous_fallback,0.073,0.005,,0,0,-23.0,1,-1.0,-22.4,stress_load,0.6499,0.8621,0.0,0.005,0.5297,3.0
2026-08-15 12:15:17,98.09,86.21,neighbor_interpolated,0.086,0.006,,0,0,-23.0,1,0.0,-22.4,stress_load,0.6539,0.8621,0.0,0.006,0.5312,3.0
2026-08-15 12:15:21,97.63,86.21,instantaneous_fallback,0.1,0.044,,0,0,-23.0,1,0.0,-22.8,stress_load,0.6509,0.8621,0.0,0.044,0.5339,3.0
2026-08-15 12:15:25,99.11,80.0,instantaneous_fallback,0.084,0.003,,0,0,-22.0,1,1.0,-22.6,stress_load,0.6607,0.8,0.0,0.003,0.5116,3.0
2026-08-15 12:15:29,99.2,80.0,instantaneous_fallback,0.079,0.009,,5,5,-20.0,1,2.0,-22.2,stress_load,0.6613,0.8,0.1,0.009,0.5324,3.0
2026-08-15 12:15:33,98.07,83.33,instantaneous_fallback,0.051,0.001,,0,0,-26.0,1,-6.0,-22.8,stress_load,0.6538,0.8333,0.0,0.001,0.5206,3.0
2026-08-15 12:15:37,97.6,80.0,instantaneous_fallback,0.079,0.001,,0,0,-20.0,1,6.0,-22.2,stress_load,0.6507,0.8,0.0,0.001,0.5078,3.0
2026-08-15 12:15:41,97.38,80.0,instantaneous_fallback,0.08,0.003,,0,0,-24.0,1,-4.0,-22.4,stress_load,0.6492,0.8,0.0,0.003,0.5075,3.0
2026-08-15 12:15:45,99.65,83.33,instantaneous_fallback,0.082,0.004,,0,0,-23.0,1,1.0,-22.6,stress_load,0.6643,0.8333,0.0,0.004,0.5246,3.0
2026-08-15 12:15:49,98.1,83.33,instantaneous_fallback,0.092,0.039,,0,0,-23.0,1,0.0,-23.2,stress_load,0.654,0.8333,0.0,0.039,0.5245,3.0
2026-08-15 12:15:54,100.83,83.33,instantaneous_fallback,0.163,0.14,,4,4,-29.0,1,-6.0,-23.8,stress_load,0.6722,0.8333,0.08,0.14,0.5569,3.0
2026-08-15 12:15:58,97.72,83.33,instantaneous_fallback,0.077,0.013,,0,0,-21.0,1,8.0,-24.0,stress_load,0.6515,0.8333,0.0,0.013,0.521,3.0
2026-08-15 12:16:02,100.5,83.33,instantaneous_fallback,0.074,0.005,,0,0,-20.0,1,1.0,-23.2,stress_load,0.67,0.8333,0.0,0.005,0.5267,3.0
2026-08-15 12:16:06,98.05,80.0,instantaneous_fallback,0.071,0.004,,0,0,-19.0,1,1.0,-22.4,stress_load,0.6537,0.8,0.0,0.004,0.5092,3.0
2026-08-15 12:16:10,98.88,80.0,instantaneous_fallback,0.08,0.005,,0,0,-26.0,1,-7.0,-23.0,stress_load,0.6592,0.8,0.0,0.005,0.5112,3.0
2026-08-15 12:16:14,96.27,82.76,instantaneous_fallback,0.074,0.009,,0,0,-21.0,1,5.0,-21.4,stress_load,0.6418,0.8276,0.0,0.009,0.5152,3.0
2026-08-15 12:16:18,96.09,82.76,instantaneous_fallback,0.074,0.008,,0,0,-19.0,1,2.0,-21.0,stress_load,0.6406,0.8276,0.0,0.008,0.5147,3.0
