sample_id,timestep,rps,channel_occupancy,packet_loss,latency,label,scenario,scenario_id
2,0,0.2670627042138158,0.1557248174404042,0.3281484367626586,0.8953319651647166,1,imbalanced_ap_load,3
2,1,0.1815744606974653,0.2533803358472084,0.9084720415582048,0.9211404114141688,1,imbalanced_ap_load,3
2,2,0.5257220377311456,0.0887927612076815,0.0968413024413098,0.0551829792648799,1,imbalanced_ap_load,3
2,3,0.5659393612948603,0.2715750374872561,0.6065459275266993,0.8217683883270501,1,imbalanced_ap_load,3
2,4,0.320397565904862,0.7679366944276651,0.4515569916662795,0.0376986802386965,1,imbalanced_ap_load,3
2,5,0.8788739416493799,0.8529513541419094,0.93876533652054,0.3676445553778013,1,imbalanced_ap_load,3
2,6,0.1563020272255411,0.7788953782801444,0.1224207156112877,0.5430266676884326,1,imbalanced_ap_load,3
2,7,0.4987480079415247,0.6310200633022374,0.2119728150912389,0.1482608012266683,1,imbalanced_ap_load,3
2,8,0.068542391894659,0.5138824201255612,0.029398468747962,0.7473337890962509,1,imbalanced_ap_load,3
2,9,0.0625628778233812,0.7086840192081243,0.4339877892085168,0.0083138117812346,1,imbalanced_ap_load,3
4,0,0.3261945673560599,0.3691986740257638,0.2274006940680445,0.7316765119125428,1,imbalanced_ap_load,3
4,1,0.8202350851577177,0.888774522010654,0.0029653436039736,0.522559606774604,1,imbalanced_ap_load,3
4,2,0.9014198146384024,0.4642699733752504,0.3034994377160713,0.0742299262978275,1,imbalanced_ap_load,3
4,3,0.5555294646593246,0.5160411990810942,0.1085022313675733,0.192239385166357,1,imbalanced_ap_load,3
4,4,0.7859794695560047,0.3326202364339793,0.4728647222820619,0.8411528778017322,1,imbalanced_ap_load,3
4,5,0.840015446799797,0.2765080793828163,0.6772979214809698,0.7259019575910072,1,imbalanced_ap_load,3
4,6,0.2858837617186457,0.6559111509816793,0.8747714116189269,0.8959953683915375,1,imbalanced_ap_load,3
4,7,0.7684048397005013,0.1196274002955597,0.7494225452152569,0.1176733431868607,1,imbalanced_ap_load,3
4,8,0.3509561880681262,0.879308272401754,0.938882776837686,0.9915931473484044,1,imbalanced_ap_load,3
4,9,0.7551237079441957,0.7792059717016753,0.05376659784735,0.2096548481807807,1,imbalanced_ap_load,3
6,0,0.4591817202482171,0.6386802036253765,0.4402039987993429,0.3205885478468796,2,imbalanced_ap_load,3
6,1,0.4048052011645195,0.5321567424530278,0.5125191424835677,0.6711646111248799,2,imbalanced_ap_load,3
6,2,0.3125395073049564,0.7684098409395712,0.6728819046736525,0.188120810751259,2,imbalanced_ap_load,3
6,3,0.7770519315177038,0.7579336051271057,0.3871603588162641,0.6256406838480142,2,imbalanced_ap_load,3
6,4,0.3755608924421969,0.6178091109234174,0.2512716935836557,0.3368811203503392,2,imbalanced_ap_load,3
6,5,0.265758406709342,0.786995470376596,0.1661232854971317,0.2114589826678694,2,imbalanced_ap_load,3
6,6,0.8144581155794554,0.3341203873684455,0.3494857145306165,0.3135793693919574,2,imbalanced_ap_load,3
6,7,0.8772402311232984,0.8812858074366214,0.7420082628590813,0.1790452624405438,2,imbalanced_ap_load,3
6,8,0.935664301421818,0.6148590761501203,0.7569139201016413,0.903159773776508,2,imbalanced_ap_load,3
6,9,0.2950171828954514,0.8223804939165702,0.6670708641797245,0.3977049679556697,2,imbalanced_ap_load,3
12,0,0.2044464080626063,0.1853828848147569,0.3247985484753042,0.3331155427095451,0,imbalanced_ap_load,3
12,1,0.7516170172986352,0.7650413841964352,0.2933740822879426,0.4388757907075784,0,imbalanced_ap_load,3
12,2,0.4208051032309186,0.4050063101149072,0.033276373839086,0.263018047397849,0,imbalanced_ap_load,3
12,3,0.5873756910996163,0.8725539351573385,0.8160585189000946,0.1649016375923894,0,imbalanced_ap_load,3
12,4,0.8271850321845424,0.5246269689965575,0.4504437261649165,0.6900811468948982,0,imbalanced_ap_load,3
12,5,0.9049075862928572,0.0220051069173987,0.325132723416112,0.5152579461196369,0,imbalanced_ap_load,3
12,6,0.4898137926122452,0.7166959645312818,0.4711809161079072,0.2003890443468343,0,imbalanced_ap_load,3
12,7,0.6137788125105724,0.1100164986784064,0.8189770724834665,0.3199959560082518,0,imbalanced_ap_load,3
12,8,0.3032992494724941,0.7893858035929672,0.1245167964153159,0.5926057709184922,0,imbalanced_ap_load,3
12,9,0.267020414704285,0.167905105671052,0.8579139367129802,0.0722802802439381,0,imbalanced_ap_load,3
14,0,0.0960951202357529,0.6574570058643521,0.6074032362842031,0.4776247224450951,2,imbalanced_ap_load,3
14,1,0.9088304947427462,0.1925541387832159,0.4766973945695928,0.6431485813592811,2,imbalanced_ap_load,3
14,2,0.0573256559325504,0.30235056426793,0.8659628408058009,0.0383637993877055,2,imbalanced_ap_load,3
14,3,0.6201433836949458,0.1315615373047431,0.0319673253305897,0.62230491927011,2,imbalanced_ap_load,3
14,4,0.6976856509468399,0.3828399855413678,0.6440222370841727,0.7789430574142597,2,imbalanced_ap_load,3
14,5,0.8450790591251859,0.2034628466885408,0.7631609154166945,0.501024758384671,2,imbalanced_ap_load,3
14,6,0.0535852601027412,0.6439564770919597,0.7596969276551107,0.3579743764931095,2,imbalanced_ap_load,3
14,7,0.8474083207948647,0.994578501154416,0.8863456918704423,0.2777726526693027,2,imbalanced_ap_load,3
14,8,0.1238637476518193,0.0117605616789744,0.7292293385509047,0.6436732211387275,2,imbalanced_ap_load,3
14,9,0.4643688624567089,0.5408445544311149,0.9281020190056358,0.6937442469530575,2,imbalanced_ap_load,3
15,0,0.1238637476518193,0.0117605616789744,0.7292293385509047,0.6436732211387275,0,imbalanced_ap_load,3
15,1,0.4643688624567089,0.5408445544311149,0.9281020190056358,0.6937442469530575,0,imbalanced_ap_load,3
15,2,0.6925519270661764,0.5736020709612284,0.3326600421187448,0.8721667751108323,0,imbalanced_ap_load,3
15,3,0.1580993313805967,0.9142558706994182,0.5032955386595824,0.3427733092767937,0,imbalanced_ap_load,3
15,4,0.5580545935310405,0.505918633213003,0.0139286676922284,0.7708260071742963,0,imbalanced_ap_load,3
15,5,0.3738548445971813,0.5436270724185834,0.0068031391137431,0.5621099103998405,0,imbalanced_ap_load,3
15,6,0.2319379279030635,0.4715548412457927,0.240085206600044,0.8840527283045075,0,imbalanced_ap_load,3
15,7,0.2853840777770853,0.2687398966937191,0.1006982448217071,0.5285179730190741,0,imbalanced_ap_load,3
15,8,0.5814685143472725,0.0557949587299744,0.2601796906522369,0.5183210553669221,0,imbalanced_ap_load,3
15,9,0.0671045485706146,0.4085390764198322,0.1769712995062882,0.5786549181385408,0,imbalanced_ap_load,3
20,0,0.7405961485385636,0.4336166729702229,0.4772032465618356,0.0334216832468423,2,imbalanced_ap_load,3
20,1,0.4112087232129343,0.4571971339322898,0.4476830481343337,0.3672264058518262,2,imbalanced_ap_load,3
20,2,0.8922596842976825,0.5508722203251051,0.7754087407521942,0.2373582939165769,2,imbalanced_ap_load,3
20,3,0.1380140401171642,0.1053647788295248,0.5268664502113627,0.4478630521150973,2,imbalanced_ap_load,3
20,4,0.2973241869285352,0.9914742429426232,0.316712837275024,0.0724275365531584,2,imbalanced_ap_load,3
20,5,0.1247351341245181,0.2439642957670522,0.258125495036382,0.955450371068299,2,imbalanced_ap_load,3
20,6,0.7812486088977129,0.1983649388867658,0.037607794845318,0.2235234437769163,2,imbalanced_ap_load,3
20,7,0.6214710517178444,0.5267230333988981,0.5833200588189442,0.9235807559006776,2,imbalanced_ap_load,3
20,8,0.5478706119069453,0.5371317041062504,0.2299150737201261,0.4264525039865032,2,imbalanced_ap_load,3
20,9,0.8136991301715619,0.4397123452682863,0.1480479124755282,0.9868879917010674,2,imbalanced_ap_load,3
26,0,0.0305052038354359,0.6295211892307122,0.9817336658341445,0.8829319351144941,1,imbalanced_ap_load,3
26,1,0.7081066764006732,0.673806264244301,0.3377619014816304,0.8930493637731415,1,imbalanced_ap_load,3
26,2,0.3050342322450833,0.2105044296128828,0.7032146905752866,0.1966708107670667,1,imbalanced_ap_load,3
26,3,0.0648999296658683,0.8369606017606732,0.2225537279987619,0.614675489515372,1,imbalanced_ap_load,3
26,4,0.9029544786816358,0.2897795789764341,0.2611689733367713,0.0877908392193183,1,imbalanced_ap_load,3
26,5,0.9089952012535502,0.1864925715480907,0.5119924571767865,0.3920470592682992,1,imbalanced_ap_load,3
26,6,0.8590045494609201,0.4062805070947164,0.3196152470896034,0.7142942775529779,1,imbalanced_ap_load,3
26,7,0.2517539017636951,0.7305469738005397,0.1675450014062533,0.6603183119837668,1,imbalanced_ap_load,3
26,8,0.6641378281888516,0.9655220556784976,0.2628503187301648,0.6255458183557459,1,imbalanced_ap_load,3
26,9,0.891378281888516,0.8092939569641275,0.0356079033176365,0.2828941334562199,1,imbalanced_ap_load,3
34,0,0.4849516118980422,0.5878738822865943,0.4982343898334962,0.728572366494236,1,imbalanced_ap_load,3
34,1,0.8114177224205625,0.8423803203187938,0.4576959016353704,0.452235355952936,1,imbalanced_ap_load,3
34,2,0.8805532803304813,0.2844015630889123,0.5189832548747184,0.8579086541107356,1,imbalanced_ap_load,3
34,3,0.7588251529099634,0.5754113440664927,0.1398289852926196,0.9453990867308468,1,imbalanced_ap_load,3
34,4,0.9643844428023256,0.1230225190989799,0.5132324382400407,0.3363761970905012,1,imbalanced_ap_load,3
34,5,0.5583673133252018,0.6901844457220218,0.2423785112320385,0.5614476168586597,1,imbalanced_ap_load,3
34,6,0.8426641055546158,0.7319551926272219,0.1842628870270575,0.0951402845177341,1,imbalanced_ap_load,3
34,7,0.8461963924822608,0.0425988232511056,0.064707827695998,0.2007043334638031,1,imbalanced_ap_load,3
34,8,0.5321422530070067,0.6757599067726343,0.7628644520130936,0.414007250401787,1,imbalanced_ap_load,3
34,9,0.3837472511818806,0.4145735254281744,0.4274913126352581,0.2064462441566251,1,imbalanced_ap_load,3
35,0,0.7588251529099634,0.5754113440664927,0.1398289852926196,0.9453990867308468,1,imbalanced_ap_load,3
35,1,0.9643844428023256,0.1230225190989799,0.5132324382400407,0.3363761970905012,1,imbalanced_ap_load,3
35,2,0.5583673133252018,0.6901844457220218,0.2423785112320385,0.5614476168586597,1,imbalanced_ap_load,3
35,3,0.8426641055546158,0.7319551926272219,0.1842628870270575,0.0951402845177341,1,imbalanced_ap_load,3
35,4,0.8461963924822608,0.0425988232511056,0.064707827695998,0.2007043334638031,1,imbalanced_ap_load,3
35,5,0.5321422530070067,0.6757599067726343,0.7628644520130936,0.414007250401787,1,imbalanced_ap_load,3
35,6,0.3837472511818806,0.4145735254281744,0.4274913126352581,0.2064462441566251,1,imbalanced_ap_load,3
35,7,0.948450200763882,0.123885009774658,0.6267896429710963,0.877767706217118,1,imbalanced_ap_load,3
35,8,0.4502675367918732,0.4197926288834945,0.7277882407575861,0.15846090098107,1,imbalanced_ap_load,3
35,9,0.0750149126165187,0.1940440494023549,0.6794881594770856,0.4562629636493244,1,imbalanced_ap_load,3
40,0,0.1176249321142084,0.0752501139520189,0.159549496681883,0.1969184092049749,1,imbalanced_ap_load,3
40,1,0.442097871279636,0.0683709306124134,0.2051244796962861,0.0553590285465519,1,imbalanced_ap_load,3
40,2,0.5208620827806021,0.5373074247216638,0.7887762905702573,0.1983626660392433,1,imbalanced_ap_load,3
40,3,0.5285198226511516,0.1599281825898899,0.1671190857400431,0.0091612216979936,1,imbalanced_ap_load,3
40,4,0.8594708469475878,0.0074802635910238,0.0283133662055259,0.6281072265064133,1,imbalanced_ap_load,3
40,5,0.3648783397583711,0.4229995628610794,0.6295022166369192,0.3167773167542852,1,imbalanced_ap_load,3
40,6,0.6534641785596639,0.1370096652751771,0.9762984298072752,0.9744907735698302,1,imbalanced_ap_load,3
40,7,0.4946303451714283,0.1603154845767838,0.3312165574958941,0.1939426299958895,1,imbalanced_ap_load,3
40,8,0.7854230286411268,0.0766833078172732,0.1185554033746217,0.3462728207012306,1,imbalanced_ap_load,3
40,9,0.6528198199802351,0.2049084329028985,0.570506013394368,0.3583026779867502,1,imbalanced_ap_load,3
45,0,0.4327474381460279,0.5114234667474193,0.7998084381734777,0.4006776217715839,0,imbalanced_ap_load,3
45,1,0.4397775126645952,0.2655130004146064,0.5807434089300259,0.1506589432235916,0,imbalanced_ap_load,3
45,2,0.0501742772945397,0.9358539886886984,0.7733070947452398,0.5042410894720958,0,imbalanced_ap_load,3
45,3,0.0544143570659093,0.4578167061239984,0.3326764367720317,0.8027421054270412,0,imbalanced_ap_load,3
45,4,0.4617624932114208,0.1273805181775822,0.8316618502329133,0.4421158441752307,0,imbalanced_ap_load,3
45,5,0.7950672625777905,0.4325941899570422,0.2745476000848005,0.4912659650748782,0,imbalanced_ap_load,3
45,6,0.2859983885471105,0.1268423528103504,0.5462057215828698,0.8499348464232773,0,imbalanced_ap_load,3
45,7,0.1202235111866881,0.5024438442661778,0.2139530372584183,0.7070202207246553,0,imbalanced_ap_load,3
45,8,0.0731730931882728,0.5612069272765423,0.4755992235801153,0.4911065688819908,0,imbalanced_ap_load,3
45,9,0.1091581271534263,0.3376139186602946,0.3181716316017454,0.2580132012114458,0,imbalanced_ap_load,3
46,0,0.2994086145956678,0.7608278437730178,0.0197533104179341,0.0441561216107317,1,imbalanced_ap_load,3
46,1,0.0678045512415309,0.4852794316419986,0.6992084634686282,0.9934654875210124,1,imbalanced_ap_load,3
46,2,0.8063229494039406,0.2008968532809005,0.2528765896330521,0.1304861666883812,1,imbalanced_ap_load,3
46,3,0.4390073984384042,0.1242116175779384,0.0403496307335297,0.7971600278769271,1,imbalanced_ap_load,3
46,4,0.7770597216905121,0.3449114173511673,0.4029270683927352,0.395289931606785,1,imbalanced_ap_load,3
46,5,0.0820015847437255,0.1373446548921142,0.9355133586143872,0.4928708763267148,1,imbalanced_ap_load,3
46,6,0.3439739674682384,0.9983436066906328,0.0116129767329757,0.8818636726846595,1,imbalanced_ap_load,3
46,7,0.4304426598766037,0.0489525739585889,0.588012862713763,0.4134518760366249,1,imbalanced_ap_load,3
46,8,0.5495221285423029,0.4410356403521867,0.5014817216376684,0.5382135364533119,1,imbalanced_ap_load,3
46,9,0.3137514356175602,0.451989152046871,0.8736497374566436,0.0493176313197276,1,imbalanced_ap_load,3
47,0,0.7770597216905121,0.3449114173511673,0.4029270683927352,0.395289931606785,1,imbalanced_ap_load,3
47,1,0.0820015847437255,0.1373446548921142,0.9355133586143872,0.4928708763267148,1,imbalanced_ap_load,3
47,2,0.3439739674682384,0.9983436066906328,0.0116129767329757,0.8818636726846595,1,imbalanced_ap_load,3
47,3,0.4304426598766037,0.0489525739585889,0.588012862713763,0.4134518760366249,1,imbalanced_ap_load,3
47,4,0.5495221285423029,0.4410356403521867,0.5014817216376684,0.5382135364533119,1,imbalanced_ap_load,3
47,5,0.3137514356175602,0.451989152046871,0.8736497374566436,0.0493176313197276,1,imbalanced_ap_load,3
47,6,0.8694923478245387,0.300477918967801,0.0838846153383826,0.0022979456539927,1,imbalanced_ap_load,3
47,7,0.4805011974608488,0.5712862804021281,0.6816985950931881,0.245098887426236,1,imbalanced_ap_load,3
47,8,0.1919787929238522,0.1497736396476785,0.6802815770388279,0.6815085768424267,1,imbalanced_ap_load,3
47,9,0.1028447485332217,0.7839167589079782,0.6692465485624636,0.1213863174284266,1,imbalanced_ap_load,3
49,0,0.2673320216166167,0.8358088160460617,0.3979881525384294,0.1786543068112765,2,imbalanced_ap_load,3
49,1,0.5408461017975268,0.6082558550538799,0.3101397514219555,0.0796496581427211,2,imbalanced_ap_load,3
49,2,0.4599017547920692,0.3882679332067194,0.4513977005181054,0.9416960189634814,2,imbalanced_ap_load,3
49,3,0.763434709448812,0.5031170506450957,0.3842226113168707,0.2609882062271775,2,imbalanced_ap_load,3
49,4,0.361219184302134,0.7687341974725108,0.432385663162718,0.8545203412641506,2,imbalanced_ap_load,3
49,5,0.5280501865189947,0.8775806077475947,0.979578765475134,0.8646798782124528,2,imbalanced_ap_load,3
49,6,0.4866910461979505,0.1035634039215274,0.0885181206829405,0.7735802452814526,2,imbalanced_ap_load,3
49,7,0.402862109489766,0.3847298561439862,0.9225201225482664,0.1690234141442363,2,imbalanced_ap_load,3
49,8,0.1971258713864727,0.7761184217833212,0.4803116988045647,0.8229299546642718,2,imbalanced_ap_load,3
49,9,0.3925456949279298,0.4315406927696377,0.6238867986166031,0.7703035089800808,2,imbalanced_ap_load,3
52,0,0.7627146749049599,0.4929014627655377,0.3747548614294095,0.5104369762129579,1,imbalanced_ap_load,3
52,1,0.8914606351439179,0.208310268669032,0.9258201733608612,0.58604932693875,1,imbalanced_ap_load,3
52,2,0.0684600386392571,0.162647408577985,0.8291739139926405,0.3598026631012878,1,imbalanced_ap_load,3
52,3,0.6046976967797651,0.0421110897435348,0.1088950092003671,0.4759895274126174,1,imbalanced_ap_load,3
52,4,0.3027060834572341,0.5587478416741964,0.108017946843275,0.363984132486551,1,imbalanced_ap_load,3
52,5,0.5231657481681965,0.5444980296121651,0.4279191139182389,0.6418746464293799,1,imbalanced_ap_load,3
52,6,0.3853041728617089,0.2050486518992189,0.0985473822379029,0.9025019293944682,1,imbalanced_ap_load,3
52,7,0.163402213299383,0.6953047530294092,0.6192353945999681,0.1641030062548646,1,imbalanced_ap_load,3
52,8,0.7191208678697661,0.7410973911412733,0.1436034442011726,0.3819042094300618,1,imbalanced_ap_load,3
52,9,0.7584278540967406,0.2589305837121163,0.5224686760140825,0.1410182097540836,1,imbalanced_ap_load,3
54,0,0.4854201351483694,0.7607984758879378,0.4841157687829277,0.2792199216952173,1,imbalanced_ap_load,3
54,1,0.8653502016541876,0.4526212633835833,0.9785859047854204,0.9515242994563604,1,imbalanced_ap_load,3
54,2,0.331940376243089,0.7933522975251337,0.8743697180107065,0.0633007135543997,1,imbalanced_ap_load,3
54,3,0.7919178069995816,0.7690227374100198,0.3590870262543492,0.6038278359813242,1,imbalanced_ap_load,3
54,4,0.1866291699682161,0.6677223350123779,0.0453507711267451,0.0571619488326113,1,imbalanced_ap_load,3
54,5,0.0545968696859892,0.8548059498758944,0.8458784169033952,0.8950061491090232,1,imbalanced_ap_load,3
54,6,0.4724750937046501,0.9392737724528356,0.9115182321755524,0.5305177925499784,1,imbalanced_ap_load,3
54,7,0.2949793449132397,0.5799208640756879,0.820867391381715,0.6702576839423012,1,imbalanced_ap_load,3
54,8,0.2459090463938177,0.2372941968740167,0.1278541467050529,0.8327164699392219,1,imbalanced_ap_load,3
54,9,0.2343640102919311,0.3985070690910111,0.998241076902766,0.1504738018631137,1,imbalanced_ap_load,3
55,0,0.7919178069995816,0.7690227374100198,0.3590870262543492,0.6038278359813242,1,imbalanced_ap_load,3
55,1,0.1866291699682161,0.6677223350123779,0.0453507711267451,0.0571619488326113,1,imbalanced_ap_load,3
55,2,0.0545968696859892,0.8548059498758944,0.8458784169033952,0.8950061491090232,1,imbalanced_ap_load,3
55,3,0.4724750937046501,0.9392737724528356,0.9115182321755524,0.5305177925499784,1,imbalanced_ap_load,3
55,4,0.2949793449132397,0.5799208640756879,0.820867391381715,0.6702576839423012,1,imbalanced_ap_load,3
55,5,0.2459090463938177,0.2372941968740167,0.1278541467050529,0.8327164699392219,1,imbalanced_ap_load,3
55,6,0.2343640102919311,0.3985070690910111,0.998241076902766,0.1504738018631137,1,imbalanced_ap_load,3
55,7,0.5520428058866997,0.7583016996321734,0.2585517554706252,0.0385941371895685,1,imbalanced_ap_load,3
55,8,0.9121880592231194,0.6508442652152431,0.7243981676374344,0.880091697448718,1,imbalanced_ap_load,3
55,9,0.848697037953722,0.1776040720807646,0.908317247193465,0.3153330635888971,1,imbalanced_ap_load,3
63,0,0.4841158376438956,0.2395702082738124,0.4648517002936262,0.5251373576816254,2,imbalanced_ap_load,3
63,1,0.6688130447556557,0.0997983322275588,0.9978394935694526,0.8072026667268164,2,imbalanced_ap_load,3
63,2,0.036675020699602,0.6918842525458434,0.4935817792821374,0.3539327213669225,2,imbalanced_ap_load,3
63,3,0.3026537780112357,0.0287968823737694,0.1783269137548997,0.6430799563431198,2,imbalanced_ap_load,3
63,4,0.3965520695150506,0.6176904185992711,0.5131603246483298,0.2459317841029741,2,imbalanced_ap_load,3
63,5,0.5426612120618585,0.1405014084823326,0.8142535288060279,0.1093836395000479,2,imbalanced_ap_load,3
63,6,0.4265408961814798,0.9452186824699896,0.7770791077150689,0.7954733062708781,2,imbalanced_ap_load,3
63,7,0.8970918172024823,0.933147343497438,0.7888062281764195,0.099057994997703,2,imbalanced_ap_load,3
63,8,0.094435813427587,0.2253244705588414,0.7082091946327463,0.2717186223403437,2,imbalanced_ap_load,3
63,9,0.4313541100951736,0.6143701283783958,0.2541832462699924,0.8562857999825711,2,imbalanced_ap_load,3
67,0,0.6561406593602265,0.0999235709732646,0.7457066649869931,0.127441995789342,2,imbalanced_ap_load,3
67,1,0.8222939165427658,0.8075108400509383,0.505419184233736,0.175871936567388,2,imbalanced_ap_load,3
67,2,0.3842413707142921,0.1350316135853926,0.6478652464084623,0.9615939070829644,2,imbalanced_ap_load,3
67,3,0.6065372904443515,0.5953159540297546,0.5027256507504656,0.6941129378356206,2,imbalanced_ap_load,3
67,4,0.0680015313253977,0.3426002044006713,0.491891918728066,0.8024706613993002,2,imbalanced_ap_load,3
67,5,0.7696334612405517,0.2257999084596679,0.1717145673621551,0.3981537115462038,2,imbalanced_ap_load,3
67,6,0.511033110460199,0.6394254784731266,0.2786910073187177,0.3367432981930072,2,imbalanced_ap_load,3
67,7,0.046044372824316,0.4568995478148898,0.1587718785865192,0.2347681914133056,2,imbalanced_ap_load,3
67,8,0.4756000658826043,0.4000240717435204,0.1956033285542157,0.4812860913027653,2,imbalanced_ap_load,3
67,9,0.4382940411855307,0.5927937660345381,0.97329123373034,0.5525691238714977,2,imbalanced_ap_load,3
68,0,0.9240580568192948,0.8662202584890875,0.9382847567544236,0.571432047191069,0,imbalanced_ap_load,3
68,1,0.3854110095173654,0.882842468307655,0.8259138891688431,0.4361624456592277,0,imbalanced_ap_load,3
68,2,0.3471590352649994,0.0697143960123207,0.6979774860320673,0.4153903193995117,0,imbalanced_ap_load,3
68,3,0.1435283695836041,0.4189899044770166,0.0821152650085235,0.7337238547740405,0,imbalanced_ap_load,3
68,4,0.3284626205251022,0.5829450174244326,0.4183090235009941,0.6868093683374912,0,imbalanced_ap_load,3
68,5,0.3721276519974004,0.1468655672815404,0.5594151861616016,0.8344162661352604,0,imbalanced_ap_load,3
68,6,0.3703626214154076,0.7654305384684195,0.1873443190976925,0.2502654122505241,0,imbalanced_ap_load,3
68,7,0.9201785507607662,0.7442266331750682,0.4482860497550382,0.6103518476402138,0,imbalanced_ap_load,3
68,8,0.2232852716767122,0.9033845329744896,0.6011594182959832,0.5859831418124944,0,imbalanced_ap_load,3
68,9,0.9015822953855468,0.0082362560181459,0.3273775628442527,0.3702164325050617,0,imbalanced_ap_load,3
74,0,0.268506111947009,0.8193347445793839,0.9940970373082164,0.8022703416704615,1,imbalanced_ap_load,3
74,1,0.4174753607962892,0.7106476192670005,0.72909766771246,0.6051966566522501,1,imbalanced_ap_load,3
74,2,0.9491835898896912,0.981678597900788,0.9527952226207468,0.19877537553155,1,imbalanced_ap_load,3
74,3,0.2632900348109437,0.7114935507865456,0.8352165001514991,0.4954869049901355,1,imbalanced_ap_load,3
74,4,0.3552641536311108,0.4181400930246226,0.903180893255588,0.7433244666473791,1,imbalanced_ap_load,3
74,5,0.3302565860346685,0.6989041867961119,0.8146561856038301,0.7714664061550658,1,imbalanced_ap_load,3
74,6,0.78709457714942,0.999534087707473,0.4592238978403732,0.5002837462703966,1,imbalanced_ap_load,3
74,7,0.5879989049242795,0.7101220837067086,0.2517526928514491,0.305600394937372,1,imbalanced_ap_load,3
74,8,0.9101292278380714,0.7616784484154917,0.3703418760791807,0.9750895036631148,1,imbalanced_ap_load,3
74,9,0.2923629597314838,0.9384200130502168,0.0200882215954462,0.6642633392075677,1,imbalanced_ap_load,3
79,0,0.1632352810249196,0.078918069529893,0.3218448371069188,0.9522554950937816,1,imbalanced_ap_load,3
79,1,0.9487039378210664,0.1174625421322463,0.2464395746665438,0.0221818282423018,1,imbalanced_ap_load,3
79,2,0.8592338031178498,0.175662978875889,0.0088522089298552,0.3041075734835455,1,imbalanced_ap_load,3
79,3,0.3124738472770008,0.7747249601378062,0.2354277464367465,0.9223406865875424,1,imbalanced_ap_load,3
79,4,0.5739075951959117,0.5137732310986929,0.1376372475996403,0.3213439030561519,1,imbalanced_ap_load,3
79,5,0.1568751613678653,0.0103180487620255,0.6123051620817317,0.2525625624431445,1,imbalanced_ap_load,3
79,6,0.2609730148413921,0.6734847252043508,0.1664685045544003,0.5349354870459369,1,imbalanced_ap_load,3
79,7,0.1711334033706965,0.4235764995462049,0.5287282826095239,0.8249331208912886,1,imbalanced_ap_load,3
79,8,0.2917019079246089,0.5107672519514621,0.5902446745290669,0.1032421388383425,1,imbalanced_ap_load,3
79,9,0.3261066496915091,0.213933879578175,0.2980283602326234,0.9443234663848564,1,imbalanced_ap_load,3
80,0,0.3261066496915091,0.213933879578175,0.2980283602326234,0.9443234663848564,2,imbalanced_ap_load,3
80,1,0.6770717408142735,0.5517105295318872,0.0349241265537514,0.7961629523514917,2,imbalanced_ap_load,3
80,2,0.5429171748827023,0.979221605341546,0.0371141192868535,0.1814579128627187,2,imbalanced_ap_load,3
80,3,0.8560064458115579,0.0732162241752085,0.0262022836529827,0.7129786206141128,2,imbalanced_ap_load,3
80,4,0.7144812635215143,0.2837579121138791,0.7393251546779991,0.3854592254175607,2,imbalanced_ap_load,3
80,5,0.673637387487647,0.2428246944560677,0.3180060466749299,0.4028201025302753,2,imbalanced_ap_load,3
80,6,0.2413796173467116,0.2483782318388605,0.7965283907271267,0.7843632250089346,2,imbalanced_ap_load,3
80,7,0.8630075854025516,0.3785779356770189,0.4317842957407306,0.9641159770226196,2,imbalanced_ap_load,3
80,8,0.4273165748168196,0.8181253707522729,0.4530598815860829,0.1267850468344831,2,imbalanced_ap_load,3
80,9,0.9031748292839272,0.9129053285080196,0.5129734137287726,0.421182020007949,2,imbalanced_ap_load,3
83,0,0.6982921715440568,0.0474714399199636,0.4278901556608858,0.8745941176265457,0,imbalanced_ap_load,3
83,1,0.2544715591919587,0.147402657854512,0.3306354161464712,0.3955051943955401,0,imbalanced_ap_load,3
83,2,0.7898734430783202,0.3487238938721346,0.0902045233608665,0.3354372658261396,0,imbalanced_ap_load,3
83,3,0.4483355739354172,0.8299374869710295,0.5627690588393238,0.2075276031037504,0,imbalanced_ap_load,3
83,4,0.8463288254200017,0.8926962128138796,0.4791151312240908,0.3782870309485417,0,imbalanced_ap_load,3
83,5,0.1053220234862581,0.1866431012460494,0.1044473224092109,0.3170867095192458,0,imbalanced_ap_load,3
83,6,0.944157815546514,0.6196147000418031,0.6126286051765718,0.6782247292330484,0,imbalanced_ap_load,3
83,7,0.1736896929336455,0.9174100994964748,0.738153039858655,0.2899460976138308,0,imbalanced_ap_load,3
83,8,0.3598470010060451,0.4636311798381002,0.7674924367512528,0.5779766094027339,0,imbalanced_ap_load,3
83,9,0.4387948380089208,0.1033249695799549,0.9056542688023896,0.0659339868499684,0,imbalanced_ap_load,3
85,0,0.9500126868528592,0.465903702801167,0.3542796391706785,0.5901259483984037,1,imbalanced_ap_load,3
85,1,0.1231114395349044,0.6365971477003656,0.9062332802884476,0.5258428763710649,1,imbalanced_ap_load,3
85,2,0.8002310342678574,0.2978025428172637,0.901242438873582,0.203232474054097,1,imbalanced_ap_load,3
85,3,0.0678023254778714,0.1824044373350382,0.9767983288364398,0.4524657357984338,1,imbalanced_ap_load,3
85,4,0.5420869650377045,0.6165373782776202,0.9021176833668748,0.7980402700901702,1,imbalanced_ap_load,3
85,5,0.2582030519671299,0.2336724721595647,0.1272759616652537,0.5912219799203305,1,imbalanced_ap_load,3
85,6,0.3207514623267243,0.0796887630988185,0.8239657853934427,0.0970037497710109,1,imbalanced_ap_load,3
85,7,0.7463386187801034,0.0003018289822143,0.4098793361929218,0.5487564143923902,1,imbalanced_ap_load,3
85,8,0.3242225407537326,0.6082662317500802,0.991123849859951,0.7036956329045706,1,imbalanced_ap_load,3
85,9,0.1440503111617596,0.3620149350947985,0.4723520929201893,0.79379007066098,1,imbalanced_ap_load,3
86,0,0.0678023254778714,0.1824044373350382,0.9767983288364398,0.4524657357984338,1,imbalanced_ap_load,3
86,1,0.5420869650377045,0.6165373782776202,0.9021176833668748,0.7980402700901702,1,imbalanced_ap_load,3
86,2,0.2582030519671299,0.2336724721595647,0.1272759616652537,0.5912219799203305,1,imbalanced_ap_load,3
86,3,0.3207514623267243,0.0796887630988185,0.8239657853934427,0.0970037497710109,1,imbalanced_ap_load,3
86,4,0.7463386187801034,0.0003018289822143,0.4098793361929218,0.5487564143923902,1,imbalanced_ap_load,3
86,5,0.3242225407537326,0.6082662317500802,0.991123849859951,0.7036956329045706,1,imbalanced_ap_load,3
86,6,0.1440503111617596,0.3620149350947985,0.4723520929201893,0.79379007066098,1,imbalanced_ap_load,3
86,7,0.8546932452524462,0.752304992105097,0.5539467469130729,0.6299690772058436,1,imbalanced_ap_load,3
86,8,0.8192735552568087,0.3750468195334342,0.5298739154338711,0.15282471867928,1,imbalanced_ap_load,3
86,9,0.7667232752557402,0.4859101913653616,0.3217351786300308,0.711141288501591,1,imbalanced_ap_load,3
88,0,0.6148171312577345,0.9979592127769472,0.4739916839489285,0.4133799810004351,2,imbalanced_ap_load,3
88,1,0.043925445820461,0.3483674801624639,0.1936363726470662,0.8610376896948472,2,imbalanced_ap_load,3
88,2,0.957446737475628,0.8330182075527561,0.2083268769974125,0.2521238007512889,2,imbalanced_ap_load,3
88,3,0.5853903099153319,0.6976109249752185,0.6614667243561922,0.9823868861889988,2,imbalanced_ap_load,3
88,4,0.9210788721610385,0.6913604995453317,0.9115400842833752,0.6145373157018124,2,imbalanced_ap_load,3
88,5,0.5254260111644306,0.325689845355505,0.4037945202289876,0.7946252660385117,2,imbalanced_ap_load,3
88,6,0.2066799618949261,0.7856067244232097,0.2076921634571001,0.0856697054180739,2,imbalanced_ap_load,3
88,7,0.9434733932212142,0.9004185698837546,0.6489036119838532,0.1836687156946704,2,imbalanced_ap_load,3
88,8,0.7454983929986378,0.2183675502789479,0.8714515543297213,0.7594410295991673,2,imbalanced_ap_load,3
88,9,0.9280955920976488,0.6254492971141692,0.7485237457431502,0.0219652263600906,2,imbalanced_ap_load,3
89,0,0.5853903099153319,0.6976109249752185,0.6614667243561922,0.9823868861889988,2,imbalanced_ap_load,3
89,1,0.9210788721610385,0.6913604995453317,0.9115400842833752,0.6145373157018124,2,imbalanced_ap_load,3
89,2,0.5254260111644306,0.325689845355505,0.4037945202289876,0.7946252660385117,2,imbalanced_ap_load,3
89,3,0.2066799618949261,0.7856067244232097,0.2076921634571001,0.0856697054180739,2,imbalanced_ap_load,3
89,4,0.9434733932212142,0.9004185698837546,0.6489036119838532,0.1836687156946704,2,imbalanced_ap_load,3
89,5,0.7454983929986378,0.2183675502789479,0.8714515543297213,0.7594410295991673,2,imbalanced_ap_load,3
89,6,0.9280955920976488,0.6254492971141692,0.7485237457431502,0.0219652263600906,2,imbalanced_ap_load,3
89,7,0.98888008475708,0.392010808194972,0.8690205606039051,0.8179994034592993,2,imbalanced_ap_load,3
89,8,0.4399143971296552,0.989619891651119,0.5366569578387346,0.0139161685276356,2,imbalanced_ap_load,3
89,9,0.8656907434940929,0.4787372088913719,0.7520829135466544,0.6580105914443635,2,imbalanced_ap_load,3
91,0,0.4015299899395482,0.381730236114282,0.3482856288724746,0.612321017363784,1,imbalanced_ap_load,3
91,1,0.876203025257966,0.653800138333785,0.3895801868284965,0.696979098967457,1,imbalanced_ap_load,3
91,2,0.9777134284773108,0.0758617712734217,0.5113857881982131,0.3429146488962288,1,imbalanced_ap_load,3
91,3,0.0928855690387372,0.6035472044874035,0.929368931483694,0.1080647489651156,1,imbalanced_ap_load,3
91,4,0.8605369877404938,0.93127741692682,0.8745625756137648,0.0696930857819786,1,imbalanced_ap_load,3
91,5,0.9357010265221998,0.8503889441049123,0.1344328857323123,0.5897297572777923,1,imbalanced_ap_load,3
91,6,0.9200839558052368,0.0674431784179729,0.1727155948040235,0.5213509301117986,1,imbalanced_ap_load,3
91,7,0.214860756225461,0.9934629101744664,0.3576561034617295,0.7432150731996432,1,imbalanced_ap_load,3
91,8,0.0660551010051548,0.6987033837661478,0.2907269899752867,0.5104153883264448,1,imbalanced_ap_load,3
91,9,0.5508753928472859,0.1620814721965031,0.6149111572220032,0.4230001831473186,1,imbalanced_ap_load,3
94,0,0.4636822143677496,0.5533212690903755,0.9597468862820814,0.9707801111340492,2,imbalanced_ap_load,3
94,1,0.3251929737092797,0.6442467750989206,0.4440023523536382,0.6941531775650867,2,imbalanced_ap_load,3
94,2,0.9564306763650609,0.1684309390285184,0.7553021963447593,0.0709652356533047,2,imbalanced_ap_load,3
94,3,0.9530007745657536,0.976298664654822,0.7510175343337662,0.1895801926988274,2,imbalanced_ap_load,3
94,4,0.4122414775509477,0.4880634046666738,0.2655150927319055,0.7723790724428177,2,imbalanced_ap_load,3
94,5,0.090557420250888,0.0574090498993626,0.5719890960104352,0.8425964868260022,2,imbalanced_ap_load,3
94,6,0.7121074865786452,0.9373166811557538,0.8945786072649236,0.6185296633927785,2,imbalanced_ap_load,3
94,7,0.6698257672207335,0.5862074464751368,0.4752702620160536,0.645296671081465,2,imbalanced_ap_load,3
94,8,0.4586998424159328,0.6991698108580604,0.9454178549041136,0.0283252846171841,2,imbalanced_ap_load,3
94,9,0.78499790778216,0.5250953712100357,0.2144043720981892,0.8296684281225731,2,imbalanced_ap_load,3
100,0,0.9698342251226396,0.7478848272894806,0.6789472155753621,0.388638147149092,1,imbalanced_ap_load,3
100,1,0.1935946973406576,0.5567450685614048,0.2310431270398668,0.1709528606775382,1,imbalanced_ap_load,3
100,2,0.3929096072862598,0.8829892930705205,0.5090923761864635,0.2271102939843857,1,imbalanced_ap_load,3
100,3,0.9773584191736184,0.3072209187834036,0.8880906852578531,0.5762754394064872,1,imbalanced_ap_load,3
100,4,0.9706321613945744,0.6919667750196707,0.6939364152608707,0.4239946255460199,1,imbalanced_ap_load,3
100,5,0.4569003124972178,0.7529428300681091,0.3946625548602372,0.5156148510523118,1,imbalanced_ap_load,3
100,6,0.1591532304733754,0.1512792217964444,0.3724916812059153,0.1708698934292568,1,imbalanced_ap_load,3
100,7,0.0937725358570525,0.4004681072570875,0.4557989219373969,0.6638063245475463,1,imbalanced_ap_load,3
100,8,0.986721094007354,0.4827231933288448,0.1769694451392834,0.8537114233033777,1,imbalanced_ap_load,3
100,9,0.5738274677041694,0.3555514238838995,0.6341502936000941,0.2582574103733156,1,imbalanced_ap_load,3
102,0,0.5738274677041694,0.3555514238838995,0.6341502936000941,0.2582574103733156,2,imbalanced_ap_load,3
102,1,0.8964708291414786,0.3219656263224869,0.3641715299578517,0.4921679097571032,2,imbalanced_ap_load,3
102,2,0.4415436561284176,0.6863923206151306,0.8526207329677687,0.9768768163467642,2,imbalanced_ap_load,3
102,3,0.0697699005528797,0.215684607411587,0.7567615962410857,0.3336678964757247,2,imbalanced_ap_load,3
102,4,0.6612899635865066,0.7093707002212981,0.6106513040914937,0.5958488636637553,2,imbalanced_ap_load,3
102,5,0.7017921848986387,0.9350981059020308,0.3642209574523276,0.090272460085629,2,imbalanced_ap_load,3
102,6,0.5300211002394921,0.5651302189769505,0.2098757801665846,0.6068332894479767,2,imbalanced_ap_load,3
102,7,0.7837737377694287,0.6113820879301481,0.7763703014779069,0.0897077225048184,2,imbalanced_ap_load,3
102,8,0.7766468425316726,0.0687027565567137,0.4864870765380508,0.9605615018890444,2,imbalanced_ap_load,3
102,9,0.5409807604989272,0.8645076857551419,0.2247011701550781,0.7166385653673849,2,imbalanced_ap_load,3
112,0,0.9291539427177464,0.836467491653821,0.2024078720936315,0.9628290008146908,2,imbalanced_ap_load,3
112,1,0.4712754070921733,0.0545050387775452,0.9593510956361876,0.2470492348307403,2,imbalanced_ap_load,3
112,2,0.508307662859127,0.7760507600713528,0.5024885243579923,0.4506894098072566,2,imbalanced_ap_load,3
112,3,0.7677538038300942,0.6136550777345757,0.9172654556352224,0.0221133680087515,2,imbalanced_ap_load,3
112,4,0.3434720577630185,0.0692780394263967,0.706950082407064,0.6415783885554206,2,imbalanced_ap_load,3
112,5,0.3608919970441858,0.5084920634416976,0.7226258190788837,0.4144682034458913,2,imbalanced_ap_load,3
112,6,0.7460726400227918,0.0822325651560746,0.0849270272133858,0.2703937915574348,2,imbalanced_ap_load,3
112,7,0.382774592462674,0.7359358601745156,0.2199399518771085,0.2070815508591612,2,imbalanced_ap_load,3
112,8,0.8615819837786345,0.5464282844260768,0.0086612854499164,0.6549103796637573,2,imbalanced_ap_load,3
112,9,0.5962008440095797,0.9536335196377788,0.7163169796523416,0.41676246986288,2,imbalanced_ap_load,3
116,0,0.7089290960728626,0.8443577296537377,0.5774637845370166,0.2203927928313311,2,imbalanced_ap_load,3
116,1,0.0651959562325834,0.7658507634379796,0.8900088344946686,0.2822892858721295,2,imbalanced_ap_load,3
116,2,0.9682394654605996,0.3790110357798062,0.7004880233074149,0.444184504692763,2,imbalanced_ap_load,3
116,3,0.0616992815234907,0.4786065511033711,0.2016399205261643,0.1712955475702509,2,imbalanced_ap_load,3
116,4,0.0726489258464579,0.1859406191670081,0.4297958895125146,0.874456819316208,2,imbalanced_ap_load,3
116,5,0.5487342082068358,0.2918572664626742,0.4941245451366608,0.7058715899495605,2,imbalanced_ap_load,3
116,6,0.8315809154120779,0.7781281430966286,0.0550865737842308,0.0852700564557777,2,imbalanced_ap_load,3
116,7,0.2476996732578948,0.894018842691636,0.9549424759751924,0.6509741025886102,2,imbalanced_ap_load,3
116,8,0.8735187542845951,0.7244453170829896,0.1284817706906757,0.6545432513951358,2,imbalanced_ap_load,3
116,9,0.473145048566163,0.4650736131444628,0.6976415574256464,0.9575429069924276,2,imbalanced_ap_load,3
118,0,0.5806939485937626,0.3741957069851751,0.9250379485596422,0.9290723430083596,2,imbalanced_ap_load,3
118,1,0.8285471995441637,0.4637211921649702,0.852091936301873,0.9334210215932158,2,imbalanced_ap_load,3
118,2,0.3088792389668895,0.6090677151514392,0.5243542535876223,0.7215694109328227,2,imbalanced_ap_load,3
118,3,1.0,0.006239111001757,0.2288955004351746,0.7668112576320966,2,imbalanced_ap_load,3
118,4,0.0067340479518522,0.989794720101184,0.1215240292744859,0.0915615683399445,2,imbalanced_ap_load,3
118,5,0.3213390639328354,0.3638056216970613,0.3634108216922949,0.5145616651132767,2,imbalanced_ap_load,3
118,6,0.931971759510688,0.8481200769045375,0.2553942850453187,0.2318630055021924,2,imbalanced_ap_load,3
118,7,0.2114508862990892,0.5348894957673009,0.5067790107936128,0.1814256546178229,2,imbalanced_ap_load,3
118,8,0.9987168472502916,0.1302296668834675,0.9667199653954686,0.8114152651070996,2,imbalanced_ap_load,3
118,9,0.9781530168000642,0.7975744054780174,0.5750743948169795,0.1351793607706984,2,imbalanced_ap_load,3
120,0,0.9785536542587762,0.5273564069828933,0.6510365457332787,0.9398746099571932,1,imbalanced_ap_load,3
120,1,0.2572526508845185,0.514469191179121,0.4753190928067435,0.1860462995412284,1,imbalanced_ap_load,3
120,2,0.0247972329306185,0.0872557386536145,0.8548640334064012,0.979346456251364,1,imbalanced_ap_load,3
120,3,0.4862047168383472,0.6558113560215724,0.4714387962362169,0.9956644428707372,1,imbalanced_ap_load,3
120,4,0.1805873345144719,0.9112912654862452,0.8688914380127043,0.5563629911456746,1,imbalanced_ap_load,3
120,5,0.5055076521754615,0.093022941619242,0.2915602974306192,0.1703344296417547,1,imbalanced_ap_load,3
120,6,0.5660495365960061,0.2633452753539906,0.128717697972834,0.3165064084164747,1,imbalanced_ap_load,3
120,7,0.5709362007104638,0.902351154146309,0.8555712777236603,0.4250501685629628,1,imbalanced_ap_load,3
120,8,0.7887650127758834,0.2841845620515615,0.5875421064767334,0.3097159971456753,1,imbalanced_ap_load,3
120,9,0.0051225950623658,0.6539054552018038,0.88936558628151,0.2809861106887882,1,imbalanced_ap_load,3
121,0,0.5055076521754615,0.093022941619242,0.2915602974306192,0.1703344296417547,1,imbalanced_ap_load,3
121,1,0.5660495365960061,0.2633452753539906,0.128717697972834,0.3165064084164747,1,imbalanced_ap_load,3
121,2,0.5709362007104638,0.902351154146309,0.8555712777236603,0.4250501685629628,1,imbalanced_ap_load,3
121,3,0.7887650127758834,0.2841845620515615,0.5875421064767334,0.3097159971456753,1,imbalanced_ap_load,3
121,4,0.0051225950623658,0.6539054552018038,0.88936558628151,0.2809861106887882,1,imbalanced_ap_load,3
121,5,0.7046600813739194,0.5347409063630422,0.9381240204042254,0.9735744559782584,1,imbalanced_ap_load,3
121,6,0.185417241655612,0.5962705052220942,0.0534965669844354,0.1535323974325894,1,imbalanced_ap_load,3
121,7,0.8566151921724344,0.4156726329376599,0.5010543378169395,0.7343292170798884,1,imbalanced_ap_load,3
121,8,0.7197396301671104,0.2998372510393041,0.3749885011758265,0.0003579763847591,1,imbalanced_ap_load,3
121,9,0.599093223885115,0.048296819612976,0.6260039760429235,0.5969868216899571,1,imbalanced_ap_load,3
122,0,0.599093223885115,0.048296819612976,0.6260039760429235,0.5969868216899571,1,imbalanced_ap_load,3
122,1,0.1938684662707775,0.7442723290032107,0.7938180887138488,0.9172068345575451,1,imbalanced_ap_load,3
122,2,0.7438056997355793,0.7460854459305244,0.2805684178311807,0.2882951170408856,1,imbalanced_ap_load,3
122,3,0.524033795995406,0.6706930231721683,0.556910484831627,0.1857397792213048,1,imbalanced_ap_load,3
122,4,0.277360199784546,0.643592192231311,0.7089143322066259,0.6525637282470866,1,imbalanced_ap_load,3
122,5,0.0712333401590085,0.2435444695810023,0.1343384305115919,0.713572919835492,1,imbalanced_ap_load,3
122,6,0.4100335200007122,0.0220997197551413,0.8143037235586966,0.6889667090824052,1,imbalanced_ap_load,3
122,7,0.6606511694162267,0.8087279040235356,0.6062456051178516,0.3197230179649462,1,imbalanced_ap_load,3
122,8,0.336852636639631,0.4910469617710162,0.9498399273432624,0.2525120582481407,1,imbalanced_ap_load,3
122,9,0.3898024412175818,0.3066861550785973,0.3395356929518355,0.9572400986270836,1,imbalanced_ap_load,3
128,0,0.9690919329421924,0.5755132252576438,0.694720849038091,0.5866414238217467,0,imbalanced_ap_load,3
128,1,0.6228699441778475,0.4632282134301122,0.0553530182045383,0.6751084130538255,0,imbalanced_ap_load,3
128,2,0.6371704756902093,0.6601364661203448,0.2845207271782144,0.8053644343476595,0,imbalanced_ap_load,3
128,3,0.1108753038167395,0.794634680835179,0.8194698976621017,0.6600502248928835,0,imbalanced_ap_load,3
128,4,0.6717043117493612,0.7513009881443518,0.0797745971436309,0.3985741700638567,0,imbalanced_ap_load,3
128,5,0.8433908173894463,0.942317448426141,0.8557428511907733,0.5143188657232838,0,imbalanced_ap_load,3
128,6,0.3003300807507055,0.3981343945054463,0.0917828198856498,0.8041470570905803,0,imbalanced_ap_load,3
128,7,0.2564157637485421,0.2062018451851052,0.8347009157410817,0.3741345424826655,0,imbalanced_ap_load,3
128,8,0.5379181097034392,0.5508406560910715,0.3608054809488212,0.3886265062046736,0,imbalanced_ap_load,3
128,9,0.7617587094131997,0.110526877362532,0.6123480253847582,0.0957747745585531,0,imbalanced_ap_load,3
130,0,0.5379181097034392,0.5508406560910715,0.3608054809488212,0.3886265062046736,2,imbalanced_ap_load,3
130,1,0.7617587094131997,0.110526877362532,0.6123480253847582,0.0957747745585531,2,imbalanced_ap_load,3
130,2,0.4428345990509343,0.288693252735166,0.1528034103329172,0.9158463127856684,2,imbalanced_ap_load,3
130,3,0.2589620373750234,0.2077036502329388,0.0660429775676198,0.0911142832745533,2,imbalanced_ap_load,3
130,4,0.7906980885141693,0.3964411473909299,0.2158850642477536,0.6490881215568134,2,imbalanced_ap_load,3
130,5,0.3396114706955957,0.1110004873412897,0.1277579770960251,0.4137355724986844,2,imbalanced_ap_load,3
130,6,0.8059122960087607,0.0315996429745377,0.3123995229589852,0.4061495942205836,2,imbalanced_ap_load,3
130,7,0.1584320830476936,0.6567567218057071,0.5144747852037566,0.6804758379917007,2,imbalanced_ap_load,3
130,8,0.218045824022222,0.6101964410297627,0.5888870579309607,0.0671372817871038,2,imbalanced_ap_load,3
130,9,0.7650116630015759,0.7083385528488049,0.7900931940332732,0.5945063745378603,2,imbalanced_ap_load,3
132,0,0.4687625199205848,0.2909217408935358,0.4118238277517511,0.1707226361318041,1,imbalanced_ap_load,3
132,1,0.0773964797321961,0.129316523079308,0.4738803040299232,0.8986562511751216,1,imbalanced_ap_load,3
132,2,0.1030339384442802,0.8429961364073577,0.4145639573567367,0.6570364458369458,1,imbalanced_ap_load,3
132,3,0.2302051708941338,0.746895904620503,0.8424164694000151,0.8830696271978359,1,imbalanced_ap_load,3
132,4,0.6238025391511828,0.20134051314834,0.2299541297916947,0.485925439921535,1,imbalanced_ap_load,3
132,5,0.093137080332262,0.3411685622561571,0.0055658838535743,0.5427596538641365,1,imbalanced_ap_load,3
132,6,0.8551250434023914,0.9666792486313248,0.6514778192781312,0.9203065573082508,1,imbalanced_ap_load,3
132,7,0.3705039574077866,0.5941015474873419,0.2024025110390711,0.9011503247135578,1,imbalanced_ap_load,3
132,8,0.9426387318488976,0.8011656268280906,0.8903888201394131,0.4487522337541272,1,imbalanced_ap_load,3
132,9,0.1326098859518701,0.2644252132913514,0.8593049521795195,0.2747542165154595,1,imbalanced_ap_load,3
138,0,0.9465761077625732,0.7026172063454759,0.4203361848921079,0.8862346944029705,1,imbalanced_ap_load,3
138,1,0.7194792158189475,1.0,0.5771993738550356,0.2217927101283257,1,imbalanced_ap_load,3
138,2,0.6391402765288771,0.4351814544852408,0.8732140924074352,0.4641613195063407,1,imbalanced_ap_load,3
138,3,0.7640746165009215,0.4279806404290118,0.8638838420450716,0.4709472694685087,1,imbalanced_ap_load,3
138,4,0.6271233785311741,0.8426119879347977,0.3715418573103407,0.8747782297714747,1,imbalanced_ap_load,3
138,5,0.5807718503218454,0.8055145656194251,0.2088323356180146,0.7638427281131782,1,imbalanced_ap_load,3
138,6,0.039564061929648,0.7310629436836273,0.775364027521564,0.513761900634972,1,imbalanced_ap_load,3
138,7,0.740175479206916,0.4631289167605325,0.4331323286749953,0.6716585445976311,1,imbalanced_ap_load,3
138,8,0.1981508355516778,0.3237927491300296,0.1919772695196407,0.8485202844366099,1,imbalanced_ap_load,3
138,9,0.4700523499612717,0.6086774476605672,0.904705963365826,0.0094997640783759,1,imbalanced_ap_load,3
141,0,0.2002797784920006,0.9392527034981404,0.8590097386211737,0.4186797909535075,2,imbalanced_ap_load,3
141,1,0.1310741090268071,0.8092585177353055,0.4036082119265413,0.9122724472313762,2,imbalanced_ap_load,3
141,2,0.0045372192199143,0.8206420035938224,0.7025788250397176,0.9945385798580564,2,imbalanced_ap_load,3
141,3,0.8788973121678049,0.1950052488982379,0.5571781628428983,0.1061916619713026,2,imbalanced_ap_load,3
141,4,0.0761021981641901,0.1430904173185929,0.8532117837668356,0.2333353157107928,2,imbalanced_ap_load,3
141,5,0.3396248252775528,0.0257855433837461,0.3150508792844412,0.9516930873693836,2,imbalanced_ap_load,3
141,6,0.6240774209631325,0.2368666584965542,0.5237684418339339,0.9596524480928232,2,imbalanced_ap_load,3
141,7,0.3295231969088594,0.7741916838315039,0.4854498461726023,0.0977948336978967,2,imbalanced_ap_load,3
141,8,0.3376950881847562,0.2398645505343692,0.3539195696320563,0.0149671589177298,2,imbalanced_ap_load,3
141,9,0.6082522413440051,0.7290896990544394,0.8917293979486576,0.1612787131696794,2,imbalanced_ap_load,3
146,0,0.9744571362434452,0.3049566479536936,0.0376434632252129,0.4255604825693455,1,imbalanced_ap_load,3
146,1,0.5851009606395955,0.5865827386836102,0.0428769953928744,0.2757897511883537,1,imbalanced_ap_load,3
146,2,0.4918737368791233,0.9148624289350882,0.870319152395405,0.2653630218874868,1,imbalanced_ap_load,3
146,3,0.5345149170680461,0.3205172820585604,0.6785641928712738,0.5369101910999026,1,imbalanced_ap_load,3
146,4,0.7787045610348912,0.8200440368816198,0.6606948034797827,0.4497409824738054,1,imbalanced_ap_load,3
146,5,0.538835124331158,0.0092256993654054,0.6147829608844586,0.4407005731487177,1,imbalanced_ap_load,3
146,6,0.55933329475343,0.003395360708189,0.849473003200939,0.0912154526482405,1,imbalanced_ap_load,3
146,7,0.4665701427159658,0.759708107235876,0.4803419256452587,0.7195838820101889,1,imbalanced_ap_load,3
146,8,0.6711445321889941,0.7614445979464135,0.8706749602473228,0.2139910468596445,1,imbalanced_ap_load,3
146,9,0.8559541403655595,0.7889832260878112,0.3594614548188051,0.1971838622423804,1,imbalanced_ap_load,3
154,0,0.482213922596843,0.3931228082061933,0.9244381311968728,0.0120343838197764,1,imbalanced_ap_load,3
154,1,0.3129679668094123,0.2170521323835361,0.775533785927971,0.5196304709098951,1,imbalanced_ap_load,3
154,2,0.6947643361437309,0.7590872048681474,0.5745491300790552,0.6065774090091479,1,imbalanced_ap_load,3
154,3,0.9705587111938108,0.7842992084105053,0.6958196231190165,0.9642017862234714,1,imbalanced_ap_load,3
154,4,0.6224370331460725,0.9227448461961292,0.9246066187064288,0.5902653065936944,1,imbalanced_ap_load,3
154,5,0.720634387158234,0.3760358556870076,0.7125815576896485,0.4717970007052351,1,imbalanced_ap_load,3
154,6,0.1845881446924439,0.5061651136972161,0.3683952650037546,0.5741730288083872,1,imbalanced_ap_load,3
154,7,0.1359741277232218,0.3629949155293277,0.7132160389369457,0.9291816504066904,1,imbalanced_ap_load,3
154,8,0.6210592854408348,0.2569135393418513,0.0401398675020763,0.829516095468002,1,imbalanced_ap_load,3
154,9,0.1202212854230286,0.751026564120884,0.3864450650877488,0.3233901354830634,1,imbalanced_ap_load,3
160,0,0.590083332591412,0.0637685205928415,0.0454144164584897,0.3564272179399879,0,imbalanced_ap_load,3
160,1,0.7059643788783933,0.1360198877050535,0.3002148328590898,0.2844596663558476,0,imbalanced_ap_load,3
160,2,0.8413664853411206,0.1808875115690447,0.5312090696559683,0.1762895259955252,0,imbalanced_ap_load,3
160,3,0.3150190080216523,0.6319366784263132,0.4082618969586272,0.7443486048376389,0,imbalanced_ap_load,3
160,4,0.3210029736202491,0.6157390776411309,0.2738174498465265,0.2523793524387612,0,imbalanced_ap_load,3
160,5,0.9331158020316772,0.5506936943666134,0.1312290908427968,0.4547674654647353,0,imbalanced_ap_load,3
160,6,0.5305997987909652,0.2503309855597475,0.8194037888859267,0.3863612444714712,0,imbalanced_ap_load,3
160,7,0.5040152776417589,0.3709887829140323,0.9964703266165024,0.983436282125572,0,imbalanced_ap_load,3
160,8,0.0540916213352801,0.0964688677163214,0.3295440660087402,0.3916015643034078,0,imbalanced_ap_load,3
160,9,0.2552016096722785,0.2262822856026327,0.3816482231751765,0.080044560452767,0,imbalanced_ap_load,3
166,0,0.2415654686122808,0.5654646843033482,0.6709273678347683,0.7646601476110685,0,imbalanced_ap_load,3
166,1,0.5593722456174713,0.9016285701755796,0.4693519530258374,0.2585827284702336,0,imbalanced_ap_load,3
166,2,0.9136960141024384,0.4953814092253883,0.3467703512177231,0.4814244297560079,0,imbalanced_ap_load,3
166,3,0.5405912518585126,0.9414816727622364,0.8626646026487598,0.9933891603207392,0,imbalanced_ap_load,3
166,4,0.0828941159711897,0.8919079636074845,0.854523998570307,0.6875846294984825,0,imbalanced_ap_load,3
166,5,0.6539927974287979,0.576396245320252,0.0221546951418593,0.8425133788728437,0,imbalanced_ap_load,3
166,6,0.3740050836441984,0.9339469705173742,0.6096427737761554,0.4153910767456387,0,imbalanced_ap_load,3
166,7,0.1157508391128996,0.3229420975668873,0.3678527188550264,0.7689118751631953,0,imbalanced_ap_load,3
166,8,0.8907762128186182,0.3655094592215262,0.4157046821930595,0.0405145048955156,0,imbalanced_ap_load,3
166,9,0.5396542053578584,0.0452403187951411,0.8322862700773549,0.1230349732698018,0,imbalanced_ap_load,3
175,0,0.3350631226573838,0.3975589319560217,0.9157589642358928,0.5064164361510408,1,imbalanced_ap_load,3
175,1,0.551987161795212,0.6802360383777355,0.7768587484166624,0.8182238727956074,1,imbalanced_ap_load,3
175,2,0.7089969818644777,0.8908513073501474,0.2282837044498193,0.8621936801009465,1,imbalanced_ap_load,3
175,3,0.8219978899760508,0.0408272954072012,0.0246635359178252,0.6164564978420621,1,imbalanced_ap_load,3
175,4,0.0113257983814246,0.0713097304397472,0.3838021530179321,0.0127219151832019,1,imbalanced_ap_load,3
175,5,0.9720733433641084,0.3249055171524819,0.1414596491742432,0.6961761951514142,1,imbalanced_ap_load,3
175,6,0.8805744250852467,0.2326034372661682,0.7105742040132075,0.4185472177704022,1,imbalanced_ap_load,3
175,7,0.706630995094417,0.2647651761262555,0.661293264847087,0.5663176096218078,1,imbalanced_ap_load,3
175,8,0.517126138478112,0.2210899793273172,0.0438351368915194,0.6499607988621926,1,imbalanced_ap_load,3
175,9,0.5670956455159766,0.1956366903551554,0.8368415171859392,0.3506872015967796,1,imbalanced_ap_load,3
180,0,0.6042736888026282,0.8900366287062207,0.7962012898185071,0.6906401271969949,0,imbalanced_ap_load,3
180,1,0.1967586203826533,0.9281838302188,0.6098313120549753,0.7258600043222051,0,imbalanced_ap_load,3
180,2,0.5535919373937198,0.2379475751438123,0.1104821323249306,0.699067614141623,0,imbalanced_ap_load,3
180,3,0.3610322201547351,0.4237442700212273,0.6278792231660678,0.3113671644339542,0,imbalanced_ap_load,3
180,4,0.9549438662405072,0.0143807962610982,0.1866789933347391,0.0997542932072607,0,imbalanced_ap_load,3
180,5,0.1977913747206666,0.8793573065488477,0.5103054525654726,0.272805972193015,0,imbalanced_ap_load,3
180,6,0.5759196855441102,0.1543702729551037,0.5292019422400659,0.8329281480795433,0,imbalanced_ap_load,3
180,7,0.2461761380329591,0.8615046105895268,0.8764703019850446,0.981827391698306,0,imbalanced_ap_load,3
180,8,0.550118633203052,0.3292427365225125,0.4625606582685821,0.4945040522174868,0,imbalanced_ap_load,3
180,9,0.9144516608648428,0.3680017030264526,0.2794200676718824,0.0096613970011895,0,imbalanced_ap_load,3
185,0,0.3096326599656342,0.2736351873667653,0.7180580339161448,0.6388675075537115,2,imbalanced_ap_load,3
185,1,0.2906557990046385,0.5892789875542248,0.8973155563564554,0.6295723160434282,2,imbalanced_ap_load,3
185,2,0.5054086056926131,0.1419009960329313,0.90202099611707,0.5544713523995187,2,imbalanced_ap_load,3
185,3,0.4476455872009687,0.2592240819089877,0.3285104860125563,0.9877791562023024,2,imbalanced_ap_load,3
185,4,0.6505239447654491,0.5461744549695322,0.952755165923762,0.7332903845365368,2,imbalanced_ap_load,3
185,5,0.1709664710962331,0.237348349241153,0.0247301201525457,0.7780104014350008,2,imbalanced_ap_load,3
185,6,0.143369227481949,0.6790977741231834,0.3768604201358329,0.8736641398106219,2,imbalanced_ap_load,3
185,7,0.9973635829453086,0.4913998439486733,0.8960752966600027,0.2158968574094314,2,imbalanced_ap_load,3
185,8,0.065553191299935,0.7719895408889366,0.2746121956498541,0.0838717306836686,2,imbalanced_ap_load,3
185,9,0.2412994898549692,0.9483027714474082,0.2730560121220563,0.4835357289612889,2,imbalanced_ap_load,3
201,0,0.9660749103017248,0.6884853007452287,0.4501846602335129,0.3486783432453032,2,imbalanced_ap_load,3
201,1,0.5505838178078899,0.0737605957225269,0.7445067155488826,0.711177922816539,2,imbalanced_ap_load,3
201,2,0.5591185085602871,0.2031036433162603,0.4670359618805823,0.3643696350044759,2,imbalanced_ap_load,3
201,3,0.4537297121642435,0.0926776237563207,0.2277533665998154,0.8344192934739386,2,imbalanced_ap_load,3
201,4,0.8643953490442571,0.0629358959526253,0.1992889477010136,0.4548708680926725,2,imbalanced_ap_load,3
201,5,0.7928426118001086,0.2675868799115921,0.4254796112866081,0.720539926995431,2,imbalanced_ap_load,3
201,6,0.3089115125399525,0.5718338617583498,0.7557030803048755,0.1075547852392768,2,imbalanced_ap_load,3
201,7,0.1494444493905859,0.964749180470242,0.6052069871944064,0.8472826394333387,2,imbalanced_ap_load,3
201,8,0.2748717960132122,0.8755910677093859,0.6888052985844716,0.7367227310490315,2,imbalanced_ap_load,3
201,9,0.924070298519422,0.8759684624500592,0.2823053942221413,0.2119682335755171,2,imbalanced_ap_load,3
204,0,0.8169865830966605,0.6454274309048056,0.1195306122214868,0.464946351962761,1,imbalanced_ap_load,3
204,1,0.1966239616812528,0.0445345087643123,0.4167528524195458,0.2537094825600838,1,imbalanced_ap_load,3
204,2,0.7708631956624318,0.5420950612901638,0.072639828515844,0.5057011571558095,1,imbalanced_ap_load,3
204,3,0.4583058822481993,0.0170532553685149,0.0986591110408451,0.0304874859433534,1,imbalanced_ap_load,3
204,4,0.5314422503360904,0.7785379870897393,0.4159603375003792,0.1319469574475306,1,imbalanced_ap_load,3
204,5,0.4943788338779035,0.3281673357473431,0.3053717019921125,0.8878112291525376,1,imbalanced_ap_load,3
204,6,0.3191667186011521,0.4719096382760534,0.9258351848498464,0.752707457501335,1,imbalanced_ap_load,3
204,7,0.9556405302659342,0.7986873234738436,0.3757301168235213,0.42342340972056,1,imbalanced_ap_load,3
204,8,0.551458542926078,0.0462115029616589,0.7580676911097098,0.517840899986053,1,imbalanced_ap_load,3
204,9,0.4701180099892273,0.1583409579781791,0.530346755653001,0.3704778829064324,1,imbalanced_ap_load,3
206,0,0.6479654294388405,0.9085692484243844,0.8902394802152176,0.7031208371395102,1,imbalanced_ap_load,3
206,1,0.0954596647109623,0.4412596747027493,0.7860235799534008,0.5139048633187839,1,imbalanced_ap_load,3
206,2,0.2628081569786594,0.7463647500364017,0.2962415494223695,0.873306875618005,1,imbalanced_ap_load,3
206,3,0.9229919160263887,0.9303066596860574,0.5451148007094441,0.289299481378057,1,imbalanced_ap_load,3
206,4,0.1118334950721592,0.9076206110873096,0.2238479518655822,0.0863202577722283,1,imbalanced_ap_load,3
206,5,0.5486985959882836,0.0567189955167495,0.4439740763726341,0.937859088732792,1,imbalanced_ap_load,3
206,6,0.6173711950570241,0.2055191742516158,0.4842899787264402,0.3786871309139575,1,imbalanced_ap_load,3
206,7,0.9462210984588814,0.4768091869186432,0.8318853767793375,0.5771812727218222,1,imbalanced_ap_load,3
206,8,0.4681637894961761,0.4314431881835849,0.8963049157356286,0.793088784308418,1,imbalanced_ap_load,3
206,9,0.2621760400993581,0.6408491702590347,0.4146632384686376,0.3247269850527777,1,imbalanced_ap_load,3
207,0,0.9229919160263887,0.9303066596860574,0.5451148007094441,0.289299481378057,1,imbalanced_ap_load,3
207,1,0.1118334950721592,0.9076206110873096,0.2238479518655822,0.0863202577722283,1,imbalanced_ap_load,3
207,2,0.5486985959882836,0.0567189955167495,0.4439740763726341,0.937859088732792,1,imbalanced_ap_load,3
207,3,0.6173711950570241,0.2055191742516158,0.4842899787264402,0.3786871309139575,1,imbalanced_ap_load,3
207,4,0.9462210984588814,0.4768091869186432,0.8318853767793375,0.5771812727218222,1,imbalanced_ap_load,3
207,5,0.4681637894961761,0.4314431881835849,0.8963049157356286,0.793088784308418,1,imbalanced_ap_load,3
207,6,0.2621760400993581,0.6408491702590347,0.4146632384686376,0.3247269850527777,1,imbalanced_ap_load,3
207,7,0.6429385422138336,0.9447661278480944,0.0175552066833695,0.7171411729698022,1,imbalanced_ap_load,3
207,8,0.7839573632713385,0.112189013010904,0.8620337844888132,0.1355606212103016,1,imbalanced_ap_load,3
207,9,0.8898002154539223,0.4517542178197771,0.1742053432646509,0.2916595998944431,1,imbalanced_ap_load,3
210,0,0.3605926318319815,0.3545345274364346,0.9053690657361222,0.4616434339008857,1,imbalanced_ap_load,3
210,1,0.3257483017423278,0.8874457712574955,0.8696037205386005,0.3263057308727279,1,imbalanced_ap_load,3
210,2,0.8379699699967059,0.9758991668500248,0.237656169490725,0.4762859161249649,1,imbalanced_ap_load,3
210,3,0.751161848630265,0.5577841401507977,0.0810693237486707,0.6036212082678076,1,imbalanced_ap_load,3
210,4,0.3169442935871297,0.5656607829709299,0.6272845935434771,0.9873561025933308,1,imbalanced_ap_load,3
210,5,0.8865951157842256,0.2973584734832868,0.3363739537178232,0.9390597599658922,1,imbalanced_ap_load,3
210,6,0.5157016497360244,0.5844450618592396,0.6722523787492061,0.8633394618646769,1,imbalanced_ap_load,3
210,7,0.2107008039458338,0.439533869486286,0.0319775058492077,0.8903558214704882,1,imbalanced_ap_load,3
210,8,0.6322392963025615,0.3020375282853247,0.1333060826401952,0.4684688470286807,1,imbalanced_ap_load,3
210,9,0.6191239839388895,0.0669546782377212,0.6865471472934446,0.658336547472966,1,imbalanced_ap_load,3
212,0,0.8865951157842256,0.2973584734832868,0.3363739537178232,0.9390597599658922,3,imbalanced_ap_load,3
212,1,0.5157016497360244,0.5844450618592396,0.6722523787492061,0.8633394618646769,3,imbalanced_ap_load,3
212,2,0.2107008039458338,0.439533869486286,0.0319775058492077,0.8903558214704882,3,imbalanced_ap_load,3
212,3,0.6322392963025615,0.3020375282853247,0.1333060826401952,0.4684688470286807,3,imbalanced_ap_load,3
212,4,0.6191239839388895,0.0669546782377212,0.6865471472934446,0.658336547472966,3,imbalanced_ap_load,3
212,5,0.8539209052625957,0.2525381436989835,0.2123157860744403,0.8963005423949092,3,imbalanced_ap_load,3
212,6,0.1206987117279938,0.1976669563489533,0.857845591117425,0.3934627569029746,3,imbalanced_ap_load,3
212,7,0.621067075613643,0.5419670934726015,0.0584614700139386,0.963092177715498,3,imbalanced_ap_load,3
212,8,0.1366741303941382,0.601614672878956,0.2154286218488963,0.4163308813510874,3,imbalanced_ap_load,3
212,9,0.9485125221463484,0.6085186373510854,0.9988865037102236,0.6018938617749554,3,imbalanced_ap_load,3
215,0,0.5678423892237426,0.5753060965238386,0.3434392532691596,0.1986048116652947,2,imbalanced_ap_load,3
215,1,0.5260102741250523,0.4506131643770172,0.4009392488384636,0.9629700163217036,2,imbalanced_ap_load,3
215,2,0.2943450022702789,0.5637497260867186,0.7613217342347627,0.512149908281995,2,imbalanced_ap_load,3
215,3,0.3652567195804881,0.1572520228111373,0.4826145086021408,0.7349225303565443,2,imbalanced_ap_load,3
215,4,0.0902046367108554,0.8561776255751528,0.9406141732281024,0.4115852003760589,2,imbalanced_ap_load,3
215,5,0.3747206666607313,0.9096145037230045,0.2936609590664842,0.3555893884226875,2,imbalanced_ap_load,3
215,6,0.0598786068500102,0.4495564957639302,0.4157472796176672,0.4076967233481468,2,imbalanced_ap_load,3
215,7,0.9737871813819322,0.280269231034616,0.7871804858108636,0.4097319903082026,2,imbalanced_ap_load,3
215,8,0.2014015633763944,0.1406270464722512,0.5461314709229639,0.5449095108452844,2,imbalanced_ap_load,3
215,9,0.2983947792487602,0.6837363812360961,0.5471355105233425,0.5441982438554049,2,imbalanced_ap_load,3
216,0,0.2943450022702789,0.5637497260867186,0.7613217342347627,0.512149908281995,1,imbalanced_ap_load,3
216,1,0.3652567195804881,0.1572520228111373,0.4826145086021408,0.7349225303565443,1,imbalanced_ap_load,3
216,2,0.0902046367108554,0.8561776255751528,0.9406141732281024,0.4115852003760589,1,imbalanced_ap_load,3
216,3,0.3747206666607313,0.9096145037230045,0.2936609590664842,0.3555893884226875,1,imbalanced_ap_load,3
216,4,0.0598786068500102,0.4495564957639302,0.4157472796176672,0.4076967233481468,1,imbalanced_ap_load,3
216,5,0.9737871813819322,0.280269231034616,0.7871804858108636,0.4097319903082026,1,imbalanced_ap_load,3
216,6,0.2014015633763944,0.1406270464722512,0.5461314709229639,0.5449095108452844,1,imbalanced_ap_load,3
216,7,0.2983947792487602,0.6837363812360961,0.5471355105233425,0.5441982438554049,1,imbalanced_ap_load,3
216,8,0.1297130545490157,0.3120816317040813,0.0532081998929707,0.4978156071215858,1,imbalanced_ap_load,3
216,9,0.5467833263592738,0.909584120337368,0.398635072513727,0.1349266462339084,1,imbalanced_ap_load,3
217,0,0.5813060336001282,0.5593329143401029,0.3083467321751085,0.1262642126214958,2,imbalanced_ap_load,3
217,1,0.9453085353584816,0.0455388047100707,0.8847674948702543,0.9339335592879426,2,imbalanced_ap_load,3
217,2,0.95474799903847,0.9319753220865414,0.6764037346788659,0.6057667691180194,2,imbalanced_ap_load,3
217,3,0.822037953721922,0.6278907531854583,0.3409238556326563,0.6603852193044134,2,imbalanced_ap_load,3
217,4,0.3611524113923487,0.9941352350907458,0.5436400487843086,0.4023183745529115,2,imbalanced_ap_load,3
217,5,0.8538775028712352,0.5372799780628981,0.8407855290330633,0.9102347139851164,2,imbalanced_ap_load,3
217,6,0.1735650501687129,0.71009108289367,0.8836387111671967,0.6387946573400812,2,imbalanced_ap_load,3
217,7,0.5386103222015474,0.0559754424787506,0.160313808774538,0.7702227032648497,2,imbalanced_ap_load,3
217,8,0.5956644349676374,0.6316906816710772,0.3395799364670355,0.3690394010222502,2,imbalanced_ap_load,3
217,9,0.8318880707970905,0.7646476768268795,0.3352278667234539,0.9613390635801956,2,imbalanced_ap_load,3
224,0,0.2017688143802138,0.2801046157029321,0.4813516397374438,0.679469898803659,2,imbalanced_ap_load,3
224,1,0.1257767915171695,0.7144777809754226,0.4506840546826979,0.5713287245143814,2,imbalanced_ap_load,3
224,2,0.0170960906687084,0.5550146341266515,0.4239474266235216,0.9469361850660796,2,imbalanced_ap_load,3
224,3,0.221263165392046,0.1085905129948903,0.509300616850681,0.4435209726035435,2,imbalanced_ap_load,3
224,4,0.1144420900811068,0.9321830277522388,0.9453508684986226,0.6001021907345225,2,imbalanced_ap_load,3
224,5,0.4069363698685019,0.4522098767354772,0.5483117068044113,0.4769701609331512,2,imbalanced_ap_load,3
224,6,0.0784236696610607,0.7344354446723651,0.9534817931199752,0.93413435154592,2,imbalanced_ap_load,3
224,7,0.0948253220680015,0.5009322367803084,0.1802197095759895,0.0761412011188748,2,imbalanced_ap_load,3
224,8,0.4084020352382902,0.6043070081600679,0.7243292002442825,0.5017871933068823,2,imbalanced_ap_load,3
224,9,0.960417019079246,0.3026202846410648,0.8124754703555841,0.6878870817023718,2,imbalanced_ap_load,3
228,0,0.9839355507874752,0.4401107109216495,0.5649287667176182,0.9101714754122436,1,imbalanced_ap_load,3
228,1,0.5225781465620855,0.389988529971853,0.8611900184403137,0.9432927239842692,1,imbalanced_ap_load,3
228,2,0.8025135549006864,0.6725350816973872,0.8218870892108874,0.0643587837953583,1,imbalanced_ap_load,3
228,3,0.4967092084294121,0.69048039799584,0.1221901825524581,0.4028960730516044,1,imbalanced_ap_load,3
228,4,0.2450309826301404,0.0456825684735933,0.8488412094087676,0.0234398428653695,1,imbalanced_ap_load,3
228,5,0.4174631190961618,0.3386029754527415,0.4141115281872688,0.3298373144692139,1,imbalanced_ap_load,3
228,6,0.2635370945771494,0.4116469626658636,0.2536619946321926,0.5375871014984358,1,imbalanced_ap_load,3
228,7,0.3698718405284853,0.0966713788910085,0.8700323883515887,0.912051360390227,1,imbalanced_ap_load,3
228,8,0.4567344931045842,0.2357256424477471,0.4320764130739616,0.8477184018840126,1,imbalanced_ap_load,3
228,9,0.932606102153649,0.0514061848201023,0.8085987434969957,0.12763011375941,1,imbalanced_ap_load,3
233,0,0.5279077376447859,0.1763595180080213,0.7846639980652501,0.7048949625898941,1,imbalanced_ap_load,3
233,1,0.9803899092778732,0.6349506431221232,0.6788844378520107,0.4931769864832639,1,imbalanced_ap_load,3
233,2,0.3262413083929096,0.2914962331321347,0.4728758464833166,0.9161484614221396,1,imbalanced_ap_load,3
233,3,0.4214216397646032,0.7915394944066108,0.9000379745927527,0.489846870035342,1,imbalanced_ap_load,3
233,4,0.5498059134088906,0.808122655456269,0.3361648054786634,0.4508595789922224,1,imbalanced_ap_load,3
233,5,0.2616173734208207,0.4636869179234706,0.2943066027790597,0.1996145403015212,1,imbalanced_ap_load,3
233,6,0.5238190098022631,0.1806173557882332,0.8730616131957001,0.308044460640151,1,imbalanced_ap_load,3
233,7,0.9271296106694208,0.6467343946660458,0.7972161927856013,0.0423424484997403,1,imbalanced_ap_load,3
233,8,0.4848714844062998,0.9928598521204872,0.5150716385400004,0.6343931429685149,1,imbalanced_ap_load,3
233,9,0.7179512290666928,0.6225424055619189,0.1306402952416998,0.2488401289328475,1,imbalanced_ap_load,3
245,0,0.2537526375299366,0.254190364109343,0.6170253004176758,0.4417824574300037,0,imbalanced_ap_load,3
245,1,0.3405240337959954,0.4318766326640346,0.5342027877718661,0.7174533455605369,0,imbalanced_ap_load,3
245,2,0.5769936165098245,0.056481188591168,0.2182174732249016,0.3869964323163614,0,imbalanced_ap_load,3
245,3,0.4253823861967041,0.588032992895323,0.1641628660111848,0.2115137195933959,0,imbalanced_ap_load,3
245,4,0.5816421239127145,0.7562902509730618,0.2367550071320041,0.6335336503854252,0,imbalanced_ap_load,3
245,5,0.8145382430711978,0.4131954811780891,0.5026154190649982,0.9773641124419864,0,imbalanced_ap_load,3
245,6,0.2511273492935426,0.4201178205282637,0.2711514246643994,0.310994579597824,0,imbalanced_ap_load,3
245,7,0.1451887892735997,0.0880588946237119,0.9479040538304664,0.4615793660457093,0,imbalanced_ap_load,3
245,8,0.6457608105340943,0.2017545103790229,0.4639322702849672,0.6749173932983357,0,imbalanced_ap_load,3
245,9,0.2507756786353398,0.1544734584146594,0.0586666982896128,0.5422318331987571,0,imbalanced_ap_load,3
247,0,0.5816421239127145,0.7562902509730618,0.2367550071320041,0.6335336503854252,1,imbalanced_ap_load,3
247,1,0.8145382430711978,0.4131954811780891,0.5026154190649982,0.9773641124419864,1,imbalanced_ap_load,3
247,2,0.2511273492935426,0.4201178205282637,0.2711514246643994,0.310994579597824,1,imbalanced_ap_load,3
247,3,0.1451887892735997,0.0880588946237119,0.9479040538304664,0.4615793660457093,1,imbalanced_ap_load,3
247,4,0.6457608105340943,0.2017545103790229,0.4639322702849672,0.6749173932983357,1,imbalanced_ap_load,3
247,5,0.2507756786353398,0.1544734584146594,0.0586666982896128,0.5422318331987571,1,imbalanced_ap_load,3
247,6,0.9141867949893608,0.4815930973892868,0.7294621143470738,0.8445873805221727,1,imbalanced_ap_load,3
247,7,0.9849783210619564,0.5291764593038937,0.3288468828811981,0.762784863133493,1,imbalanced_ap_load,3
247,8,0.6248887118170244,0.9489985949802338,0.653647905602326,0.0583281073812937,1,imbalanced_ap_load,3
247,9,0.4669896991657838,0.0730029675779215,0.2795720896198339,0.9998036328728532,1,imbalanced_ap_load,3
255,0,0.230290862795025,0.669916209590911,0.710331476560414,0.8778053883564229,1,imbalanced_ap_load,3
255,1,0.9576882328326848,0.2576296142605574,0.2087804382088191,0.9137439137841912,1,imbalanced_ap_load,3
255,2,0.2643828847677638,0.2449247071461122,0.3067636458280232,0.2663035184912319,1,imbalanced_ap_load,3
255,3,0.9835137685739976,0.7147039040846843,0.4753000239816874,0.4627519303282065,1,imbalanced_ap_load,3
255,4,0.4358423625145787,0.5213130783549993,0.4494113296187178,0.5498805461045112,1,imbalanced_ap_load,3
255,5,0.0479919160263886,0.6832480068757338,0.7087648049148709,0.9504239709490576,1,imbalanced_ap_load,3
255,6,0.9097463964886352,0.2692742579518568,0.623576196061267,1.0,1,imbalanced_ap_load,3
255,7,0.2996200621433214,0.5986670264415956,0.6445507278854941,0.2356927606980526,1,imbalanced_ap_load,3
255,8,0.3683750144674638,0.4438266050834596,0.7142426647438931,0.7279720539517894,1,imbalanced_ap_load,3
255,9,0.1186409932247754,0.596903394415764,0.2925967574839852,0.3785216060066435,1,imbalanced_ap_load,3
256,0,0.9835137685739976,0.7147039040846843,0.4753000239816874,0.4627519303282065,2,imbalanced_ap_load,3
256,1,0.4358423625145787,0.5213130783549993,0.4494113296187178,0.5498805461045112,2,imbalanced_ap_load,3
256,2,0.0479919160263886,0.6832480068757338,0.7087648049148709,0.9504239709490576,2,imbalanced_ap_load,3
256,3,0.9097463964886352,0.2692742579518568,0.623576196061267,1.0,2,imbalanced_ap_load,3
256,4,0.2996200621433214,0.5986670264415956,0.6445507278854941,0.2356927606980526,2,imbalanced_ap_load,3
256,5,0.3683750144674638,0.4438266050834596,0.7142426647438931,0.7279720539517894,2,imbalanced_ap_load,3
256,6,0.1186409932247754,0.596903394415764,0.2925967574839852,0.3785216060066435,2,imbalanced_ap_load,3
256,7,0.2419282680887813,0.2907225264939619,0.322331749634345,0.008066950123482,2,imbalanced_ap_load,3
256,8,0.604416137676837,0.7154329047651666,0.4380522568671575,0.0092129207228683,2,imbalanced_ap_load,3
256,9,0.8860965447244951,0.8059409602176908,0.30745340172258,0.4611752012136696,2,imbalanced_ap_load,3
257,0,0.4358423625145787,0.5213130783549993,0.4494113296187178,0.5498805461045112,1,imbalanced_ap_load,3
257,1,0.0479919160263886,0.6832480068757338,0.7087648049148709,0.9504239709490576,1,imbalanced_ap_load,3
257,2,0.9097463964886352,0.2692742579518568,0.623576196061267,1.0,1,imbalanced_ap_load,3
257,3,0.2996200621433214,0.5986670264415956,0.6445507278854941,0.2356927606980526,1,imbalanced_ap_load,3
257,4,0.3683750144674638,0.4438266050834596,0.7142426647438931,0.7279720539517894,1,imbalanced_ap_load,3
257,5,0.1186409932247754,0.596903394415764,0.2925967574839852,0.3785216060066435,1,imbalanced_ap_load,3
257,6,0.2419282680887813,0.2907225264939619,0.322331749634345,0.008066950123482,1,imbalanced_ap_load,3
257,7,0.604416137676837,0.7154329047651666,0.4380522568671575,0.0092129207228683,1,imbalanced_ap_load,3
257,8,0.8860965447244951,0.8059409602176908,0.30745340172258,0.4611752012136696,1,imbalanced_ap_load,3
257,9,0.1255987304244086,0.2597491203629742,0.985257520417504,0.488984026440378,1,imbalanced_ap_load,3
259,0,0.3683750144674638,0.4438266050834596,0.7142426647438931,0.7279720539517894,1,imbalanced_ap_load,3
259,1,0.1186409932247754,0.596903394415764,0.2925967574839852,0.3785216060066435,1,imbalanced_ap_load,3
259,2,0.2419282680887813,0.2907225264939619,0.322331749634345,0.008066950123482,1,imbalanced_ap_load,3
259,3,0.604416137676837,0.7154329047651666,0.4380522568671575,0.0092129207228683,1,imbalanced_ap_load,3
259,4,0.8860965447244951,0.8059409602176908,0.30745340172258,0.4611752012136696,1,imbalanced_ap_load,3
259,5,0.1255987304244086,0.2597491203629742,0.985257520417504,0.488984026440378,1,imbalanced_ap_load,3
259,6,0.1998479803420554,0.3004665465158378,0.8142887367671694,0.0225492392492486,1,imbalanced_ap_load,3
259,7,0.2137334069319183,0.661118415906389,0.1645766875568769,0.6878620211165704,1,imbalanced_ap_load,3
259,8,0.9239578974546168,0.6955606047044713,0.0054390467359064,0.2943731365868914,1,imbalanced_ap_load,3
259,9,0.910130340719901,0.7040779053016191,0.0426461874245472,0.5606450849781806,1,imbalanced_ap_load,3
266,0,0.0852556512139315,0.8378477675343621,0.1102507327966776,0.2857626779144704,1,imbalanced_ap_load,3
266,1,0.0143149989761487,0.1694271475604631,0.2394469914783227,0.8453702944684068,1,imbalanced_ap_load,3
266,2,0.2980475601178765,0.6973340782736888,0.2211709356225236,0.4329650579567247,1,imbalanced_ap_load,3
266,3,0.978422334202865,0.2243015341283407,0.9871171466886156,0.829805508855115,1,imbalanced_ap_load,3
266,4,0.4938880529909811,0.0682230666990029,0.3059966280338413,0.8240181257816651,1,imbalanced_ap_load,3
266,5,0.1149284194407101,0.4813989436670141,0.1273247326227392,0.1890887982692983,1,imbalanced_ap_load,3
266,6,0.686310885764906,0.1690891540656633,0.5456691977804501,0.7020961689556373,1,imbalanced_ap_load,3
266,7,0.9197612200746076,0.7294305154469896,0.858215550012169,0.2910078864557653,1,imbalanced_ap_load,3
266,8,0.6556610072916018,0.2373911648041318,0.6782312619349068,0.2978674340757953,1,imbalanced_ap_load,3
266,9,0.6039387113718717,0.3423322592614162,0.2960678010531163,0.2967211955293705,1,imbalanced_ap_load,3
271,0,0.7545550253291905,0.3778594589287494,0.7282996376124775,0.0008542345741602,1,imbalanced_ap_load,3
271,1,0.4716471096233118,0.81563654163924,0.6667037549143234,0.7162121546618264,1,imbalanced_ap_load,3
271,2,0.5197269433142512,0.1790160456781437,0.8710747501785884,0.1713779312543929,1,imbalanced_ap_load,3
271,3,0.6107884990340186,0.081975992593787,0.8703694419975169,0.1045796933376899,1,imbalanced_ap_load,3
271,4,0.3088102402934447,0.3282128622536413,0.5790593918821731,0.2378046641043309,1,imbalanced_ap_load,3
271,5,0.7215569661951016,0.4242633129186426,0.4299069313521995,0.3803937535785344,1,imbalanced_ap_load,3
271,6,0.3301553137881607,0.5425845933652635,0.6417234912613717,0.4765375739299824,1,imbalanced_ap_load,3
271,7,0.3965298118784555,0.3722932152384142,0.8184508284133254,0.044581210454244,1,imbalanced_ap_load,3
271,8,0.9916867727317245,0.7899180447307653,0.0054970237873837,0.971915698229628,1,imbalanced_ap_load,3
271,9,0.6455315568771646,0.0390798368132974,0.9923200825506576,0.7170395423201621,1,imbalanced_ap_load,3
279,0,0.1045708282511729,0.8137624521628564,0.9738406713714368,0.3784588092695286,2,imbalanced_ap_load,3
279,1,0.2693363217920068,0.0260408495495791,0.2879195119224764,0.4642894699815996,2,imbalanced_ap_load,3
279,2,0.1466132780156872,0.4505161950052976,0.8895780147907371,0.0885966694896952,2,imbalanced_ap_load,3
279,3,0.7178744402204397,0.7585512963604625,0.8810177202372695,0.6098216878896388,2,imbalanced_ap_load,3
279,4,0.5568927449007754,0.5460709239103823,0.7578670884406982,0.2885733908600015,2,imbalanced_ap_load,3
279,5,0.7110814095316104,0.6514370622371427,0.5635858087283154,0.1604865923332121,2,imbalanced_ap_load,3
279,6,0.7892034882168072,0.5165931883308943,0.1199031028086463,0.5452611926498011,2,imbalanced_ap_load,3
279,7,0.970524211857088,0.9919470794896528,0.5320717996349221,0.5330225945225237,2,imbalanced_ap_load,3
279,8,0.8304224054273022,0.0543869006513291,0.3568114002358126,0.0759278092517321,2,imbalanced_ap_load,3
279,9,0.9586375210334668,0.490953217134231,0.7924432585075618,0.6991662851956366,2,imbalanced_ap_load,3
288,0,0.0479863516172398,0.7741358325261739,0.0108756093513769,0.379653031924085,0,imbalanced_ap_load,3
288,1,0.164176779052893,0.4028792989639689,0.9268484651036024,0.3407112489462115,0,imbalanced_ap_load,3
288,2,0.1579735757338342,0.7225383656777123,0.6034425254514614,0.6216722211444442,0,imbalanced_ap_load,3
288,3,0.076904585963444,0.6839519596479313,0.2030945999345016,0.8922233412490436,0,imbalanced_ap_load,3
288,4,0.410021278300585,0.963456578901225,0.9198913984107252,0.4968363115534343,0,imbalanced_ap_load,3
288,5,0.5124297771565425,0.2149481949076738,0.9152176161282216,0.8258558596463216,0,imbalanced_ap_load,3
288,6,0.7618633203051968,0.5516078312436234,0.989505874307309,0.402681607487214,0,imbalanced_ap_load,3
288,7,0.4693289767719304,0.6017091241706871,0.8743224621861688,0.1024887592709369,0,imbalanced_ap_load,3
288,8,0.9723515638215472,0.9987226396024496,0.9981102669279648,0.0615412524723128,0,imbalanced_ap_load,3
288,9,0.3743356095476358,0.2009975400292698,0.2446469846326955,0.0513552652736042,0,imbalanced_ap_load,3
289,0,0.1579735757338342,0.7225383656777123,0.6034425254514614,0.6216722211444442,1,imbalanced_ap_load,3
289,1,0.076904585963444,0.6839519596479313,0.2030945999345016,0.8922233412490436,1,imbalanced_ap_load,3
289,2,0.410021278300585,0.963456578901225,0.9198913984107252,0.4968363115534343,1,imbalanced_ap_load,3
289,3,0.5124297771565425,0.2149481949076738,0.9152176161282216,0.8258558596463216,1,imbalanced_ap_load,3
289,4,0.7618633203051968,0.5516078312436234,0.989505874307309,0.402681607487214,1,imbalanced_ap_load,3
289,5,0.4693289767719304,0.6017091241706871,0.8743224621861688,0.1024887592709369,1,imbalanced_ap_load,3
289,6,0.9723515638215472,0.9987226396024496,0.9981102669279648,0.0615412524723128,1,imbalanced_ap_load,3
289,7,0.3743356095476358,0.2009975400292698,0.2446469846326955,0.0513552652736042,1,imbalanced_ap_load,3
289,8,0.8454285040197292,0.5231369596133002,0.8425000650432435,0.3806437320595517,1,imbalanced_ap_load,3
289,9,0.5884240257832463,0.3460462275379521,0.8232694706603414,0.3376696513109904,1,imbalanced_ap_load,3
293,0,0.4343166015259836,0.0473754454431343,0.9797374904525864,0.0508741721707802,0,imbalanced_ap_load,3
293,1,0.5036825259746619,0.5725005664265572,0.2960102355455235,0.2213882404956741,0,imbalanced_ap_load,3
293,2,0.8905658781527942,0.3357118498571956,0.8711561553147669,0.2746032182795368,0,imbalanced_ap_load,3
293,3,0.6149762733593896,0.1817484930908963,0.0039713343642629,0.5483463126017585,0,imbalanced_ap_load,3
293,4,0.7042327347512932,0.3237891938825501,0.0208771784557311,0.1446700719867749,0,imbalanced_ap_load,3
293,5,0.4450024928552987,0.0490438150674225,0.4659393300518947,0.1340808665932265,0,imbalanced_ap_load,3
293,6,0.0126746111590886,0.9505011900777888,0.2386725856131527,0.9450927502600572,0,imbalanced_ap_load,3
293,7,0.6423476019622333,0.5810858402752879,0.6900178796631232,0.8053061035326524,0,imbalanced_ap_load,3
293,8,0.0257353923131026,0.8147831723585002,0.5656806755287863,0.1808617035392219,0,imbalanced_ap_load,3
293,9,0.4533713642150622,0.4230043309751898,0.07736553951958,0.4070993752887334,0,imbalanced_ap_load,3
299,0,0.7060055555060941,0.6060704998504924,0.1288419898539686,0.4984192213385078,3,imbalanced_ap_load,3
299,1,0.7397614871662468,0.4890877457288634,0.2395681676510204,0.3435558665999286,3,imbalanced_ap_load,3
299,2,0.3430191148583079,0.095754614065441,0.8597865610788095,0.2422006265402528,3,imbalanced_ap_load,3
299,3,0.0688462086341824,0.3954945862675139,0.924902939611106,0.399022001053764,3,imbalanced_ap_load,3
299,4,0.8996792674566645,0.5146925950390779,0.8265004567364939,0.0191475703035087,3,imbalanced_ap_load,3
299,5,0.7968534379145485,0.826911698477665,0.3340813483944997,0.7735554640415596,3,imbalanced_ap_load,3
299,6,0.4312472734395171,0.0758734595866224,0.2724206950734688,0.1711377361849654,3,imbalanced_ap_load,3
299,7,0.9999432430266824,0.3483570251515251,0.5492640862678119,0.0439148267733,3,imbalanced_ap_load,3
299,8,0.4924769188308509,0.8226731987127118,0.7220452752932826,0.6545855285838273,3,imbalanced_ap_load,3
299,9,0.7705538145137597,0.6483839057811545,0.9936965286382546,0.7749958144030504,3,imbalanced_ap_load,3
323,0,0.8161419057878758,0.5282653132730581,0.9581258288881024,0.186379758404745,0,imbalanced_ap_load,3
323,1,0.4172605746031463,0.8035784214254855,0.4043506104179707,0.1257888895753885,0,imbalanced_ap_load,3
323,2,0.3304435501820675,0.2152713513136144,0.8755955985697558,0.1385245887327943,0,imbalanced_ap_load,3
323,3,0.34228016132335,0.5272935914443986,0.189290201651221,0.7491844321683759,0,imbalanced_ap_load,3
323,4,0.9262749174241685,0.2405112528711319,0.547978583238008,0.4702765156105524,0,imbalanced_ap_load,3
323,5,0.9608265595925964,0.7596914392359227,0.0238151799376859,0.7840067936499507,0,imbalanced_ap_load,3
323,6,0.7992839718307352,0.564273585015372,0.7644331371889346,0.7472747861782324,0,imbalanced_ap_load,3
323,7,0.3304880654552578,0.8560038564427811,0.5810376892843578,0.6054289845832131,0,imbalanced_ap_load,3
323,8,0.6211616705691723,0.8945986436447384,0.6257350321286533,0.6873004047162421,0,imbalanced_ap_load,3
323,9,0.1804370954674549,0.6486935579055739,0.0515881344570101,0.0183292091689867,0,imbalanced_ap_load,3
324,0,0.3304435501820675,0.2152713513136144,0.8755955985697558,0.1385245887327943,1,imbalanced_ap_load,3
324,1,0.34228016132335,0.5272935914443986,0.189290201651221,0.7491844321683759,1,imbalanced_ap_load,3
324,2,0.9262749174241685,0.2405112528711319,0.547978583238008,0.4702765156105524,1,imbalanced_ap_load,3
324,3,0.9608265595925964,0.7596914392359227,0.0238151799376859,0.7840067936499507,1,imbalanced_ap_load,3
324,4,0.7992839718307352,0.564273585015372,0.7644331371889346,0.7472747861782324,1,imbalanced_ap_load,3
324,5,0.3304880654552578,0.8560038564427811,0.5810376892843578,0.6054289845832131,1,imbalanced_ap_load,3
324,6,0.6211616705691723,0.8945986436447384,0.6257350321286533,0.6873004047162421,1,imbalanced_ap_load,3
324,7,0.1804370954674549,0.6486935579055739,0.0515881344570101,0.0183292091689867,1,imbalanced_ap_load,3
324,8,0.8404060683220413,0.7253764450537983,0.2109828151036889,0.3121729465624475,1,imbalanced_ap_load,3
324,9,0.5419745639728991,0.5491475613253778,0.07420908499629,0.6386861913160058,1,imbalanced_ap_load,3
336,0,0.3365632873638946,0.5273613692372154,0.2725054640787615,0.0892818967409726,2,imbalanced_ap_load,3
336,1,0.9861958137837094,0.2038229600591306,0.274148948883057,0.2114086893153465,2,imbalanced_ap_load,3
336,2,0.4726876541341334,0.1204754844564233,0.1134517711112753,0.5028005881372174,2,imbalanced_ap_load,3
336,3,0.2518295777281185,0.5109117262557845,0.1139477653018759,0.0199875890358007,2,imbalanced_ap_load,3
336,4,0.8000830209844998,0.0789220234968399,0.3476824627204676,0.2531655729768381,2,imbalanced_ap_load,3
336,5,0.7348581298243427,0.5872945905983404,0.7630674695232939,0.5180921882534018,2,imbalanced_ap_load,3
336,6,0.0429973023744446,0.0310951938316752,0.6081080753031078,0.0149298031724313,2,imbalanced_ap_load,3
336,7,0.5636034223342029,0.1064974088744005,0.1024764696335123,0.2648736875297093,2,imbalanced_ap_load,3
336,8,0.4420600332974244,0.549925201702367,0.8524918462309422,0.5147168726124834,2,imbalanced_ap_load,3
336,9,0.7335326875651036,0.5913487005978268,0.6015013334687104,0.5739202880806511,2,imbalanced_ap_load,3
347,0,0.4354283704739096,0.4325041787123646,0.6141834584396195,0.2944095102466084,3,imbalanced_ap_load,3
347,1,0.245447200434469,0.2271243649715926,0.5103521873525604,0.7112114645769908,3,imbalanced_ap_load,3
347,2,0.379196677380009,0.2540558113022493,0.4338368686575721,0.1155128509433543,3,imbalanced_ap_load,3
347,3,0.0881791917806999,0.5040077870760491,0.5934008744756147,0.4073412058897981,3,imbalanced_ap_load,3
347,4,0.5150060985924271,0.8124696834516365,0.2333507747798086,0.8491378103030115,3,imbalanced_ap_load,3
347,5,0.5879321320144942,0.7437721559833876,0.941557541265408,0.3681336778810398,3,imbalanced_ap_load,3
347,6,0.0033965153444146,0.5909411132479783,0.5889221405450874,0.5918922194821506,3,imbalanced_ap_load,3
347,7,0.0387460937847775,0.5393424417636286,0.3111854813828308,0.5044447511510972,3,imbalanced_ap_load,3
347,8,0.3684551419592062,0.4271935491656915,0.4497400230392205,0.6468272296924689,3,imbalanced_ap_load,3
347,9,0.0454345135816098,0.97277622746739,0.8059175430499873,0.9742400916748089,3,imbalanced_ap_load,3
